key,grid,layer,depth_interval,n_final_sources,n_final_secondaries,median_station_mean,relative_spread_pct
-1.375_35.125|layer1|10-10,-1.375_35.125,layer1,10-10,2,1,0.2657089593976273,25.301889806010813
-10.625_-38.125|layer1|10-10,-10.625_-38.125,layer1,10-10,2,1,0.07379488641407267,1.296998482468417
-10.625_-38.375|layer1|10-10,-10.625_-38.375,layer1,10-10,2,1,0.07537019120407616,37.043392893835545
-11.375_-40.375|layer1|10-10,-11.375_-40.375,layer1,10-10,2,1,0.0632040476667715,22.99911690021507
-12.625_-41.125|layer1|10-10,-12.625_-41.125,layer1,10-10,2,1,0.09433616102209033,30.417584189600987
-13.375_-40.125|layer1|10-10,-13.375_-40.125,layer1,10-10,2,1,0.13646749621785176,34.12350743470304
-13.375_-43.625|layer1|10-10,-13.375_-43.625,layer1,10-10,2,1,0.06766552965235173,39.95112009497937
-13.625_-41.875|layer1|10-10,-13.625_-41.875,layer1,10-10,2,1,0.08173219279218753,21.158275312179452
-14.375_-42.375|layer1|10-10,-14.375_-42.375,layer1,10-10,2,1,0.07685655770586595,13.682315495912196
-14.625_-40.625|layer1|10-10,-14.625_-40.625,layer1,10-10,2,1,0.09492784717067054,5.71924576373398
-15.125_-42.875|layer1|10-10,-15.125_-42.875,layer1,10-10,2,1,0.09701268639605978,14.0969107988388
-3.625_-40.625|layer1|10-10,-3.625_-40.625,layer1,10-10,2,1,0.08802417658923356,0.7390710482348802
-3.875_-40.125|layer1|10-10,-3.875_-40.125,layer1,10-10,2,1,0.06429161420566909,49.340963673844016
-32.125_150.375|layer1|0-5,-32.125_150.375,layer1,0-5,3,2,0.1242424965706447,75.25597530879892
-34.625_146.125|layer1|0-5,-34.625_146.125,layer1,0-5,2,1,0.15774858285714288,3.2577951707748234
-34.875_146.125|layer1|0-5,-34.875_146.125,layer1,0-5,2,1,0.1471156840085529,16.483534967758285
-35.125_146.375|layer1|0-5,-35.125_146.375,layer1,0-5,2,1,0.12849357428673436,0.7412226240922986
-35.125_147.375|layer1|0-5,-35.125_147.375,layer1,0-5,2,1,0.17090760753601503,12.379745442166765
-35.375_147.375|layer1|0-5,-35.375_147.375,layer1,0-5,3,2,0.09674585012594458,20.32612423442513
-35.375_147.625|layer1|0-8,-35.375_147.625,layer1,0-8,5,4,0.16120777945164208,10.76868777836536
-35.375_148.125|layer1|0-8,-35.375_148.125,layer1,0-8,5,4,0.14364294140323824,23.201712382645717
-36.625_174.625|layer1|5-5,-36.625_174.625,layer1,5-5,4,3,0.34205928369096017,7.031852645955771
-4.125_-39.375|layer1|10-10,-4.125_-39.375,layer1,10-10,2,1,0.08647989356594112,23.682191157150157
-5.375_-39.625|layer1|10-10,-5.375_-39.625,layer1,10-10,2,1,0.08770295526248315,6.586644865573425
-5.625_-39.125|layer1|10-10,-5.625_-39.125,layer1,10-10,2,1,0.08880532692549908,12.905747751005999
-5.875_-37.625|layer1|10-10,-5.875_-37.625,layer1,10-10,2,1,0.06956132141069002,32.12286553214014
-6.375_-39.375|layer1|10-10,-6.375_-39.375,layer1,10-10,2,1,0.0757346488888889,48.628286738681076
-6.875_-38.875|layer1|10-10,-6.875_-38.875,layer1,10-10,2,1,0.09362108386974631,37.84934685346392
-7.125_-39.375|layer1|10-10,-7.125_-39.375,layer1,10-10,2,1,0.16569964361165512,28.866933039962344
-7.375_-38.125|layer1|10-10,-7.375_-38.125,layer1,10-10,2,1,0.12785892781043118,3.659828690972395
-7.375_-38.875|layer1|10-10,-7.375_-38.875,layer1,10-10,2,1,0.0444135298502667,28.251747602957455
-7.375_-41.875|layer1|10-10,-7.375_-41.875,layer1,10-10,2,1,0.02712565820737576,2.9480241184039526
-7.625_-37.375|layer1|10-10,-7.625_-37.375,layer1,10-10,2,1,0.06019504881222475,73.44420196349304
-7.625_-38.375|layer1|10-10,-7.625_-38.375,layer1,10-10,2,1,0.09067026056190658,11.497643562070689
-7.625_-39.625|layer1|10-10,-7.625_-39.625,layer1,10-10,2,1,0.08319217935068474,16.939185795865455
-7.875_-35.875|layer1|10-10,-7.875_-35.875,layer1,10-10,2,1,0.09258785905598824,80.0136984701026
-8.375_-36.625|layer1|10-10,-8.375_-36.625,layer1,10-10,2,1,0.08566557832147356,22.35229946969127
-9.125_-36.625|layer1|10-10,-9.125_-36.625,layer1,10-10,2,1,0.13656432048939954,15.036113076316868
-9.125_-37.375|layer1|10-10,-9.125_-37.375,layer1,10-10,2,1,0.054167860623261996,56.84741858278796
-9.125_-38.125|layer1|10-10,-9.125_-38.125,layer1,10-10,2,1,0.03137173715340425,2.792047904618546
-9.625_-37.375|layer1|10-10,-9.625_-37.375,layer1,10-10,2,1,0.05163360578969775,65.26814257778264
13.625_2.625|layer1|5-5,13.625_2.625,layer1,5-5,4,3,0.032877528563337935,16.735097049106443
17.375_96.375|layer1|1-10,17.375_96.375,layer1,1-10,3,2,0.15477533216783215,13.682469426656285
17.375_96.625|layer1|1-10,17.375_96.625,layer1,1-10,2,1,0.23190157592987443,9.850393482374106
18.125_-67.125|layer1|5-5,18.125_-67.125,layer1,5-5,2,1,0.2655037851946165,15.78804043979023
19.875_-155.375|layer1|5-5,19.875_-155.375,layer1,5-5,5,4,0.17757214322781525,56.631809266443405
19.875_-155.625|layer1|5-5,19.875_-155.625,layer1,5-5,2,1,0.12870539448012402,2.784322857818699
20.125_-155.625|layer1|5-5,20.125_-155.625,layer1,5-5,3,2,0.280579255998619,2.3309796774125724
30.125_-98.625|layer1|5-5,30.125_-98.625,layer1,5-5,3,2,0.1296263580750408,60.27354181288772
30.125_-98.875|layer1|5-5,30.125_-98.875,layer1,5-5,2,1,0.2006359189085296,18.054059490108955
30.375_-98.625|layer1|5-5,30.375_-98.625,layer1,5-5,2,1,0.20168532361911218,7.981211996053775
30.375_-98.875|layer1|5-5,30.375_-98.875,layer1,5-5,2,1,0.21336624381916236,16.81889331895221
31.125_91.625|layer1|0-5,31.125_91.625,layer1,0-5,3,2,0.14131229564032696,7.5778059142058
31.125_92.125|layer1|0-5,31.125_92.125,layer1,0-5,3,2,0.19844213909378292,33.98969118487531
31.375_91.875|layer1|5-5,31.375_91.875,layer1,5-5,6,5,0.13761395506581448,11.076585252106744
31.625_-109.875|layer1|5-5,31.625_-109.875,layer1,5-5,2,1,0.06984104207324072,62.67701513030022
31.625_-110.125|layer1|5-5,31.625_-110.125,layer1,5-5,4,3,0.13007763293096253,21.276364242883318
31.625_91.625|layer1|0-5,31.625_91.625,layer1,0-5,3,2,0.2136429595827901,23.638161370257393
31.625_91.875|layer1|0-5,31.625_91.875,layer1,0-5,7,6,0.21061926282051283,10.891203413702009
31.625_92.125|layer1|0-5,31.625_92.125,layer1,0-5,3,2,0.1826036990154712,28.267229869636417
31.625_92.375|layer1|0-5,31.625_92.375,layer1,0-5,5,4,0.2983567656765676,22.602248102716988
31.875_91.625|layer1|0-5,31.875_91.625,layer1,0-5,5,4,0.24974385889128872,30.817979644974777
31.875_91.875|layer1|0-5,31.875_91.875,layer1,0-5,3,2,0.2845823529411765,10.713712466018192
32.375_80.125|layer1|5-5,32.375_80.125,layer1,5-5,3,2,0.08073215263157896,14.55589786022534
32.625_-106.625|layer1|5-5,32.625_-106.625,layer1,5-5,4,3,0.09195499292083129,37.63961747931031
32.625_-106.875|layer1|5-5,32.625_-106.875,layer1,5-5,3,2,0.0707867903930131,20.58453944875107
32.625_79.875|layer1|5-5,32.625_79.875,layer1,5-5,6,5,0.0770816033153694,77.18148612367746
33.375_79.625|layer1|5-5,33.375_79.625,layer1,5-5,3,2,0.09172565963060687,11.767549653886562
33.625_101.875|layer1|5-5,33.625_101.875,layer1,5-5,3,2,0.3846829310344827,5.281464648173445
33.625_102.125|layer1|5-5,33.625_102.125,layer1,5-5,3,2,0.39976842948717944,8.997655898885167
33.625_102.375|layer1|5-5,33.625_102.375,layer1,5-5,2,1,0.29360926572367213,29.07734056898014
33.875_-83.375|layer1|5-5,33.875_-83.375,layer1,5-5,4,3,0.17976762533218005,29.046119723201816
33.875_102.125|layer1|5-5,33.875_102.125,layer1,5-5,5,4,0.31300040927021694,23.684987524000086
33.875_102.625|layer1|5-5,33.875_102.625,layer1,5-5,3,2,0.22316271014492756,26.213838737449166
34.125_101.875|layer1|5-5,34.125_101.875,layer1,5-5,2,1,0.2722658020957873,5.815464085548464
34.875_-111.625|layer1|5-5,34.875_-111.625,layer1,5-5,5,4,0.2135879962663348,19.76499631558569
34.875_-86.625|layer1|5-5,34.875_-86.625,layer1,5-5,5,4,0.2778962409730141,1.630568247990555
34.875_-98.125|layer1|5-5,34.875_-98.125,layer1,5-5,2,1,0.30973358106848997,2.981744553985232
35.375_-82.625|layer1|5-5,35.375_-82.625,layer1,5-5,2,1,0.24854320300529603,5.59125341209001
35.375_-98.875|layer1|5-5,35.375_-98.875,layer1,5-5,2,1,0.2721138527261334,0.6965459837826032
35.625_-96.125|layer1|2-2,35.625_-96.125,layer1,2-2,3,2,0.24719826714801446,1.0601594814135105
35.625_-96.875|layer1|5-5,35.625_-96.875,layer1,5-5,2,1,0.30852496361256937,1.3999753949936418
35.625_-98.125|layer1|5-5,35.625_-98.125,layer1,5-5,2,1,0.2584966635287863,12.169776272180762
35.875_-97.125|layer1|5-5,35.875_-97.125,layer1,5-5,3,2,0.29296776143141157,2.395546970977415
35.875_-98.125|layer1|5-5,35.875_-98.125,layer1,5-5,3,2,0.1993036592178771,5.466453487854844
36.125_-105.625|layer1|5-5,36.125_-105.625,layer1,5-5,3,2,0.18802061569416498,29.60125883429757
36.125_-106.875|layer1|5-5,36.125_-106.875,layer1,5-5,2,1,0.19638123311552247,18.723550593334593
36.125_-115.625|layer1|5-5,36.125_-115.625,layer1,5-5,3,2,0.12132431350750418,1.5543586470468105
36.125_-97.125|layer1|5-5,36.125_-97.125,layer1,5-5,2,1,0.2284923039615271,12.971818207102102
36.125_-97.625|layer1|5-5,36.125_-97.625,layer1,5-5,3,2,0.21096105655930872,2.5282996958113095
36.125_-98.625|layer1|4-4,36.125_-98.625,layer1,4-4,6,5,0.18559357692936354,24.16865096779097
36.125_-99.125|layer1|5-5,36.125_-99.125,layer1,5-5,2,1,0.26680410898647955,0.4252046061422884
36.375_-115.625|layer1|5-5,36.375_-115.625,layer1,5-5,4,3,0.11680018532282985,32.97576409603174
36.375_-115.875|layer1|5-5,36.375_-115.875,layer1,5-5,3,2,0.11518390577149588,5.722487233981369
36.375_-97.125|layer1|5-5,36.375_-97.125,layer1,5-5,3,2,0.2564373724069806,2.089018222737659
36.375_-97.875|layer1|5-5,36.375_-97.875,layer1,5-5,2,1,0.18154810856731474,3.521706877445669
36.625_-101.625|layer1|5-5,36.625_-101.625,layer1,5-5,2,1,0.18584597587640897,14.242813405093386
36.625_-97.375|layer1|5-5,36.625_-97.375,layer1,5-5,2,1,0.28640899201102177,2.54454363806505
36.875_-96.375|layer1|5-5,36.875_-96.375,layer1,5-5,2,1,0.3068830397501321,0.6735309371019731
36.875_-97.125|layer1|5-5,36.875_-97.125,layer1,5-5,3,2,0.1748766644113667,14.642312201559266
36.875_-97.875|layer1|5-5,36.875_-97.875,layer1,5-5,3,2,0.22678369996636394,2.966359635482305
36.875_-98.375|layer1|5-5,36.875_-98.375,layer1,5-5,2,1,0.25813303013818967,0.9393124711181724
37.125_-105.125|layer1|5-5,37.125_-105.125,layer1,5-5,2,1,0.11459550867663916,75.62367440529445
37.125_-105.875|layer1|5-5,37.125_-105.875,layer1,5-5,5,4,0.12615098784194528,17.410901180554177
37.125_-95.875|layer1|5-5,37.125_-95.875,layer1,5-5,2,1,0.3341630956817749,0.36427322374232424
37.125_-97.375|layer1|5-5,37.125_-97.375,layer1,5-5,2,1,0.30904920697278937,0.29997492328455505
37.125_-97.875|layer1|5-5,37.125_-97.875,layer1,5-5,3,2,0.27856495637723305,4.730390589097939
37.125_-98.125|layer1|5-5,37.125_-98.125,layer1,5-5,3,2,0.21003538005390837,16.121490297445146
37.125_127.625|layer1|10-10,37.125_127.625,layer1,10-10,2,1,0.22055799188631758,11.230342527730077
37.375_-106.875|layer1|5-5,37.375_-106.875,layer1,5-5,2,1,0.19475008047973408,3.8108552458181078
37.375_-112.625|layer1|5-5,37.375_-112.625,layer1,5-5,3,2,0.12837515586034912,55.90498444537071
37.375_-113.875|layer1|5-5,37.375_-113.875,layer1,5-5,3,2,0.14428035669846537,45.2180841101258
37.375_-96.125|layer1|5-5,37.375_-96.125,layer1,5-5,2,1,0.32090044183993294,0.09247786075619754
37.375_-99.375|layer1|5-5,37.375_-99.375,layer1,5-5,2,1,0.1352921092717207,1.198338041613491
37.625_-112.625|layer1|5-5,37.625_-112.625,layer1,5-5,3,2,0.15492230886850153,33.520424791398185
37.625_-112.875|layer1|5-5,37.625_-112.875,layer1,5-5,6,5,0.16163660800877172,25.551855596161733
37.875_-109.375|layer1|5-5,37.875_-109.375,layer1,5-5,2,1,0.21746325100891872,4.889485934338211
37.875_-111.875|layer1|5-5,37.875_-111.875,layer1,5-5,2,1,0.2052044373705365,19.15233733624823
37.875_-97.125|layer1|5-5,37.875_-97.125,layer1,5-5,2,1,0.33451448377347937,0.8461988607175515
37.875_-98.375|layer1|5-5,37.875_-98.375,layer1,5-5,2,1,0.13351063619126496,0.3499027122986446
38.125_-111.375|layer1|5-5,38.125_-111.375,layer1,5-5,2,1,0.1911331038658871,5.038824492753472
38.125_-119.125|layer1|5-5,38.125_-119.125,layer1,5-5,2,1,0.046591824483943736,16.46376860276883
38.125_-120.875|layer1|5-5,38.125_-120.875,layer1,5-5,8,7,0.18033444677588778,19.717732527076045
38.125_-95.625|layer1|5-5,38.125_-95.625,layer1,5-5,2,1,0.4099679258302018,0.06848841948021946
38.125_-97.625|layer1|5-5,38.125_-97.625,layer1,5-5,2,1,0.3353456802009027,0.39208945271952506
38.125_-99.375|layer1|5-5,38.125_-99.375,layer1,5-5,2,1,0.2826996133975821,0.9108620959000225
38.375_-109.375|layer1|5-5,38.375_-109.375,layer1,5-5,3,2,0.13657180587780357,28.857796771322572
38.375_-112.375|layer1|5-5,38.375_-112.375,layer1,5-5,6,5,0.21017068242255443,31.352940853807944
38.375_-119.375|layer1|5-5,38.375_-119.375,layer1,5-5,2,1,0.10172969287271842,8.630895091546583
38.375_-119.625|layer1|5-5,38.375_-119.625,layer1,5-5,5,4,0.09117377810361682,26.44627001360903
38.375_-120.875|layer1|5-5,38.375_-120.875,layer1,5-5,6,5,0.15193889553493173,10.058020162709113
38.375_-97.375|layer1|5-5,38.375_-97.375,layer1,5-5,2,1,0.34733594039246257,1.0921305548837232
38.625_-119.625|layer1|5-5,38.625_-119.625,layer1,5-5,3,2,0.1945475609756098,32.55711489841861
38.625_-119.875|layer1|5-5,38.625_-119.875,layer1,5-5,6,5,0.06194367385866624,132.46459371043528
38.625_-92.125|layer1|5-5,38.625_-92.125,layer1,5-5,3,2,0.2808403415061296,13.202966603193339
38.625_102.875|layer1|5-5,38.625_102.875,layer1,5-5,4,3,0.051670959727747164,11.089682785289993
38.875_-106.625|layer1|5-5,38.875_-106.625,layer1,5-5,3,2,0.26790456647398847,29.450242451094358
38.875_-111.625|layer1|5-5,38.875_-111.625,layer1,5-5,4,3,0.2389261773269275,15.624972668239463
38.875_-112.125|layer1|5-5,38.875_-112.125,layer1,5-5,2,1,0.16591334815520378,24.807468381219664
38.875_-119.875|layer1|5-5,38.875_-119.875,layer1,5-5,2,1,0.0371081624345715,25.65751137765925
38.875_-120.125|layer1|5-5,38.875_-120.125,layer1,5-5,5,4,0.09919310948310948,48.92867628383025
39.125_-106.875|layer1|5-5,39.125_-106.875,layer1,5-5,6,5,0.13297880772731943,31.59439244389869
39.125_-111.375|layer1|5-5,39.125_-111.375,layer1,5-5,4,3,0.20536431332486443,41.72799030210119
39.125_-111.625|layer1|5-5,39.125_-111.625,layer1,5-5,5,4,0.22003171167744387,14.68812260608491
39.125_-120.125|layer1|5-5,39.125_-120.125,layer1,5-5,2,1,0.19873399306383782,10.86285749304441
39.125_-123.125|layer1|5-5,39.125_-123.125,layer1,5-5,2,1,0.2192222554842814,2.6570983079030785
39.375_-106.125|layer1|5-5,39.375_-106.125,layer1,5-5,7,6,0.206750960960961,26.32940533291122
39.375_-111.375|layer1|5-5,39.375_-111.375,layer1,5-5,7,6,0.23327907834101383,20.90668793882184
39.375_-111.625|layer1|5-5,39.375_-111.625,layer1,5-5,2,1,0.15366100340236685,28.78369499549278
39.375_-114.625|layer1|5-5,39.375_-114.625,layer1,5-5,2,1,0.11833242277441933,15.57771859339205
39.375_-119.875|layer1|5-5,39.375_-119.875,layer1,5-5,2,1,0.09129778254638442,39.825360569741434
39.375_-120.375|layer1|5-5,39.375_-120.375,layer1,5-5,3,2,0.0778953189938024,16.07234536533449
39.375_-123.125|layer1|5-5,39.375_-123.125,layer1,5-5,2,1,0.18056876393206528,11.406789347957217
39.625_-1.375|layer1|0-5,39.625_-1.375,layer1,0-5,2,1,0.14347964047725412,4.871834710801842
39.625_-105.875|layer1|5-5,39.625_-105.875,layer1,5-5,2,1,0.09918468366205872,19.944297132364927
39.625_-110.375|layer1|5-5,39.625_-110.375,layer1,5-5,3,2,0.22286724661469018,13.746775467630433
39.625_-111.375|layer1|5-5,39.625_-111.375,layer1,5-5,4,3,0.2256578400998442,17.014815068343907
39.875_-105.875|layer1|5-5,39.875_-105.875,layer1,5-5,2,1,0.11030214309185388,40.80466580975765
39.875_-111.375|layer1|5-5,39.875_-111.375,layer1,5-5,4,3,0.15165878148795814,21.203964220879325
39.875_-111.625|layer1|5-5,39.875_-111.625,layer1,5-5,3,2,0.15087650544135428,47.05761392464391
40.125_-105.625|layer1|5-5,40.125_-105.625,layer1,5-5,3,2,0.13817424297370806,13.447671586821789
40.125_-105.875|layer1|5-5,40.125_-105.875,layer1,5-5,2,1,0.17180727651617556,37.72663621367129
40.375_-111.125|layer1|5-5,40.375_-111.125,layer1,5-5,2,1,0.16519094820491442,0.029073114829715294
40.375_-111.625|layer1|5-5,40.375_-111.625,layer1,5-5,2,1,0.12823370646636598,2.493106641399519
40.375_-115.625|layer1|5-5,40.375_-115.625,layer1,5-5,2,1,0.11722417236128202,36.95360680449249
40.625_-109.625|layer1|5-5,40.625_-109.625,layer1,5-5,2,1,0.15503700439879267,24.88055534839288
40.625_-110.375|layer1|5-5,40.625_-110.375,layer1,5-5,3,2,0.20525633431085047,36.38946404082992
40.625_-110.625|layer1|5-5,40.625_-110.625,layer1,5-5,5,4,0.1899538608695652,43.77273476182628
40.625_-111.125|layer1|5-5,40.625_-111.125,layer1,5-5,3,2,0.16270424877707898,14.746664578711695
40.625_-111.625|layer1|5-5,40.625_-111.625,layer1,5-5,9,8,0.15293133004926107,32.124774600214394
40.625_-115.375|layer1|5-5,40.625_-115.375,layer1,5-5,2,1,0.1612195545615865,0.5225492401250876
40.625_-120.625|layer1|5-5,40.625_-120.625,layer1,5-5,2,1,0.0862498640907447,59.58884879464275
40.875_-104.625|layer1|5-5,40.875_-104.625,layer1,5-5,3,2,0.1520444127806563,17.955673204567173
40.875_-106.625|layer1|5-5,40.875_-106.625,layer1,5-5,3,2,0.18126182890855455,14.409235272849367
40.875_-110.125|layer1|5-5,40.875_-110.125,layer1,5-5,5,4,0.16466386981402,40.24794500337703
40.875_-110.625|layer1|5-5,40.875_-110.625,layer1,5-5,4,3,0.2759989957988712,30.17407031244964
40.875_-110.875|layer1|5-5,40.875_-110.875,layer1,5-5,6,5,0.1864666441804647,42.25518028098144
40.875_-111.125|layer1|5-5,40.875_-111.125,layer1,5-5,4,3,0.14893121159883177,46.2313842785244
40.875_-111.625|layer1|5-5,40.875_-111.625,layer1,5-5,6,5,0.17942845920463224,19.678355407617687
40.875_-111.875|layer1|5-5,40.875_-111.875,layer1,5-5,7,6,0.184924188844331,17.539983446589716
40.875_-115.125|layer1|5-5,40.875_-115.125,layer1,5-5,4,3,0.13742897726112818,28.618552315066736
40.875_25.875|layer1|0-10,40.875_25.875,layer1,0-10,7,6,0.27444608695652173,13.327559107325678
41.125_-111.375|layer1|5-5,41.125_-111.375,layer1,5-5,2,1,0.188708082648469,5.948478918622905
41.125_-5.375|layer1|0-5,41.125_-5.375,layer1,0-5,4,3,0.18352228970234213,28.315600138292687
41.375_-111.375|layer1|5-5,41.375_-111.375,layer1,5-5,6,5,0.1131144491230084,30.488151923303924
41.375_-111.875|layer1|5-5,41.375_-111.875,layer1,5-5,2,1,0.17609912733407884,5.232546294752262
41.375_-5.125|layer1|0-5,41.375_-5.125,layer1,0-5,3,2,0.18213600844772967,25.70993472386415
41.375_-5.375|layer1|0-5,41.375_-5.375,layer1,0-5,4,3,0.16035195961589868,47.37209064537954
41.375_-5.625|layer1|0-5,41.375_-5.625,layer1,0-5,2,1,0.12329887012068366,42.49998703613656
41.375_-71.625|layer1|5-5,41.375_-71.625,layer1,5-5,2,1,0.2234855423223569,11.523881534095507
41.625_-115.375|layer1|5-5,41.625_-115.375,layer1,5-5,2,1,0.17948358633466488,0.7263794796579163
41.625_-116.125|layer1|5-5,41.625_-116.125,layer1,5-5,2,1,0.15451466615460974,1.1016007316384466
41.625_-117.625|layer1|5-5,41.625_-117.625,layer1,5-5,2,1,0.18969196097172475,36.021739756515764
41.875_-111.625|layer1|5-5,41.875_-111.625,layer1,5-5,5,4,0.1895995238095238,20.278046609891575
41.875_-115.125|layer1|5-5,41.875_-115.125,layer1,5-5,2,1,0.15136016966514476,5.361763511082982
41.875_-116.125|layer1|5-5,41.875_-116.125,layer1,5-5,2,1,0.2299176792625805,11.171011329778175
41.875_1.625|layer1|5-5,41.875_1.625,layer1,5-5,2,1,0.130531600823879,11.533235933310964
41.875_115.625|layer1|5-5,41.875_115.625,layer1,5-5,5,4,0.22988607798165137,17.71763634916234
41.875_116.375|layer1|5-5,41.875_116.375,layer1,5-5,2,1,0.15679860025677533,26.1805128708668
42.125_0.875|layer1|5-5,42.125_0.875,layer1,5-5,3,2,0.24209372405372404,23.86642176783893
42.125_1.125|layer1|5-5,42.125_1.125,layer1,5-5,2,1,0.15073373736541054,25.30430317993778
42.125_115.875|layer1|5-5,42.125_115.875,layer1,5-5,2,1,0.13061192270123037,1.3220204682032235
42.125_116.125|layer1|5-5,42.125_116.125,layer1,5-5,3,2,0.1349600898203593,23.102624835863597
42.375_-83.625|layer1|10-10,42.375_-83.625,layer1,10-10,3,2,0.16692201848998459,5.60322189513539
42.375_1.875|layer1|5-5,42.375_1.875,layer1,5-5,2,1,0.09680690379190302,14.00077226502954
42.375_115.625|layer1|5-5,42.375_115.625,layer1,5-5,2,1,0.13655082321187584,0.7200830643847935
42.375_116.125|layer1|5-5,42.375_116.125,layer1,5-5,2,1,0.17700224430413874,13.90853163025795
42.625_-109.375|layer1|5-5,42.625_-109.375,layer1,5-5,2,1,0.15986454755825422,35.64237900640474
43.125_-70.875|layer1|5-5,43.125_-70.875,layer1,5-5,2,1,0.18153425146000535,11.928365212470654
43.125_12.375|layer1|5-5,43.125_12.375,layer1,5-5,2,1,0.2363325401143797,5.258402430785714
43.375_3.375|layer1|5-5,43.375_3.375,layer1,5-5,2,1,0.13136560481111345,32.4548736956915
43.625_-113.875|layer1|5-5,43.625_-113.875,layer1,5-5,3,2,0.10774826379542396,20.02483200471884
43.625_-96.625|layer1|5-5,43.625_-96.625,layer1,5-5,2,1,0.2896949979682406,3.6759441815321674
43.875_-0.125|layer1|5-5,43.875_-0.125,layer1,5-5,2,1,0.18299064786240316,1.5082617669382579
44.125_-110.625|layer1|5-5,44.125_-110.625,layer1,5-5,2,1,0.15651604107694495,43.190813168877284
44.375_-0.875|layer1|5-5,44.375_-0.875,layer1,5-5,2,1,0.12312584423213427,12.89992118678355
44.625_4.125|layer1|5-5,44.625_4.125,layer1,5-5,3,2,0.19404416970802918,14.504884105137492
44.625_8.625|layer1|10-10,44.625_8.625,layer1,10-10,5,4,0.2514108529411765,6.057240232082168
45.125_7.125|layer1|10-10,45.125_7.125,layer1,10-10,2,1,0.14294102170531864,2.275347038133684
45.375_-74.875|layer1|5-5,45.375_-74.875,layer1,5-5,8,7,0.28336503767896665,14.312968192995585
45.375_-75.125|layer1|5-5,45.375_-75.125,layer1,5-5,6,5,0.2768412650204161,1.2726835598195494
46.875_-121.625|layer1|5-5,46.875_-121.625,layer1,5-5,2,1,0.14676217573290978,11.287263138487104
47.875_-117.125|layer1|5-5,47.875_-117.125,layer1,5-5,2,1,0.13106192386003063,4.909597265607079
47.875_20.625|layer1|0-10,47.875_20.625,layer1,0-10,6,5,0.2109760367725027,18.151881337569524
48.125_15.125|layer1|5-5,48.125_15.125,layer1,5-5,8,7,0.28045502360469143,12.852580256903794
48.125_15.875|layer1|0-10,48.125_15.875,layer1,0-10,2,1,0.21743967446284762,28.650333500772255
48.125_20.875|layer1|0-10,48.125_20.875,layer1,0-10,5,4,0.26412753846153847,9.160238143306415
48.375_-105.125|layer1|5-5,48.375_-105.125,layer1,5-5,2,1,0.20508776234398313,1.8429520706977864
48.375_12.375|layer1|5-5,48.375_12.375,layer1,5-5,2,1,0.32816041878580016,0.12783569105529605
48.375_12.625|layer1|5-5,48.375_12.625,layer1,5-5,4,3,0.3273328016844986,6.639296538034585
48.375_12.875|layer1|5-5,48.375_12.875,layer1,5-5,2,1,0.29626733178521314,1.5855859806654868
48.375_21.125|layer1|0-10,48.375_21.125,layer1,0-10,2,1,0.2377543918693295,9.619024714918949
48.625_-120.625|layer1|5-5,48.625_-120.625,layer1,5-5,2,1,0.07986576806950318,28.60963276949832
48.625_12.875|layer1|5-5,48.625_12.875,layer1,5-5,2,1,0.3103482877679907,2.8562875498650766
49.375_-97.875|layer1|5-5,49.375_-97.875,layer1,5-5,3,2,0.32951517173699707,1.8679825975538127
49.625_-97.875|layer1|5-5,49.625_-97.875,layer1,5-5,9,8,0.2708207059679767,26.87570129138646
49.625_-98.125|layer1|5-5,49.625_-98.125,layer1,5-5,7,6,0.1487230562552477,18.567402425631556
49.875_-97.375|layer1|5-5,49.875_-97.375,layer1,5-5,3,2,0.4208950062266501,2.4491112849576937
49.875_-97.875|layer1|5-5,49.875_-97.875,layer1,5-5,3,2,0.35267725689404933,1.3787022742731017
50.125_-5.125|layer1|10-10,50.125_-5.125,layer1,10-10,2,1,0.3384699888739996,5.4831148909449965
50.125_-97.625|layer1|5-5,50.125_-97.625,layer1,5-5,4,3,0.3264908421110531,5.768444959157156
50.625_6.375|layer1|5-5,50.625_6.375,layer1,5-5,3,2,0.3239425294541957,1.0537890433893033
50.875_-2.625|layer1|5-5,50.875_-2.625,layer1,5-5,2,1,0.2844538775425782,7.465017288847115
50.875_-3.875|layer1|10-10,50.875_-3.875,layer1,10-10,2,1,0.35092272799412383,1.2135585470216388
50.875_0.125|layer1|10-10,50.875_0.125,layer1,10-10,2,1,0.19352047888965324,1.2557779583117592
50.875_6.375|layer1|5-5,50.875_6.375,layer1,5-5,6,5,0.24972668521936936,5.476214166536803
51.125_-0.875|layer1|10-10,51.125_-0.875,layer1,10-10,2,1,0.3053071839173826,3.395404649049529
51.125_0.375|layer1|5-5,51.125_0.375,layer1,5-5,2,1,0.26322809672031583,1.9947574761071387
51.125_6.125|layer1|5-5,51.125_6.125,layer1,5-5,2,1,0.20006341552463935,5.384049983263865
51.375_-0.625|layer1|10-10,51.375_-0.625,layer1,10-10,2,1,0.35851113756289693,11.414574403407734
51.375_-106.375|layer1|5-5,51.375_-106.375,layer1,5-5,3,2,0.12706457589285713,11.755734169202835
51.375_-106.625|layer1|5-5,51.375_-106.625,layer1,5-5,3,2,0.19015704747774478,14.517771389279375
51.375_0.375|layer1|10-10,51.375_0.375,layer1,10-10,2,1,0.2510036480408604,9.293727727640324
51.375_23.125|layer1|10-10,51.375_23.125,layer1,10-10,4,3,0.16835083509841872,67.17644917280512
51.625_-1.375|layer1|5-5,51.625_-1.375,layer1,5-5,2,1,0.28262139946683995,1.156715602978386
51.625_0.375|layer1|5-5,51.625_0.375,layer1,5-5,2,1,0.29329443310205083,0.6871806234093422
51.875_-0.375|layer1|10-10,51.875_-0.375,layer1,10-10,2,1,0.28929287285595273,1.0511622539994245
51.875_-0.875|layer1|5-5,51.875_-0.875,layer1,5-5,2,1,0.2855473521868016,4.2418948613002785
51.875_-1.375|layer1|10-10,51.875_-1.375,layer1,10-10,2,1,0.4145378198394266,0.4546384973351302
51.875_-4.625|layer1|5-5,51.875_-4.625,layer1,5-5,2,1,0.4254209725556457,4.918580929748943
52.125_-1.625|layer1|5-5,52.125_-1.625,layer1,5-5,2,1,0.22756094931237147,0.5015756837634329
52.125_0.875|layer1|5-5,52.125_0.875,layer1,5-5,2,1,0.2909610551132653,2.0165899508710687
52.125_6.625|layer1|5-5,52.125_6.625,layer1,5-5,6,5,0.243865814480445,26.8471881074639
52.375_-3.875|layer1|10-10,52.375_-3.875,layer1,10-10,2,1,0.4509389376280077,1.8860442763007506
52.375_-4.125|layer1|5-5,52.375_-4.125,layer1,5-5,2,1,0.25733962973766333,1.3766316469243953
52.375_13.375|layer1|5-5,52.375_13.375,layer1,5-5,5,4,0.16145406766917295,15.711156350531326
52.375_13.625|layer1|5-5,52.375_13.625,layer1,5-5,3,2,0.08378436126373627,66.7567124823359
52.375_6.375|layer1|5-5,52.375_6.375,layer1,5-5,2,1,0.25266892463631935,2.9643413838779593
52.375_6.625|layer1|5-5,52.375_6.625,layer1,5-5,6,5,0.29487632999671415,24.64877908197972
52.375_6.875|layer1|5-5,52.375_6.875,layer1,5-5,6,5,0.2392383251921409,28.57564409960675
52.625_-0.875|layer1|5-5,52.625_-0.875,layer1,5-5,2,1,0.27898674774231214,5.038255995007003
52.625_-1.125|layer1|10-10,52.625_-1.125,layer1,10-10,2,1,0.3011498099800771,2.606070361274113
52.625_1.125|layer1|10-10,52.625_1.125,layer1,10-10,2,1,0.2894371701702481,4.387026480552695
52.625_13.125|layer1|5-5,52.625_13.125,layer1,5-5,2,1,0.14871879949515043,2.0793312642416177
52.625_13.375|layer1|5-5,52.625_13.375,layer1,5-5,3,2,0.2052117205882353,26.13069801098178
52.625_13.625|layer1|5-5,52.625_13.625,layer1,5-5,2,1,0.2014103171849012,12.154342064508477
52.875_-1.125|layer1|10-10,52.875_-1.125,layer1,10-10,2,1,0.18220577471863297,11.278782585558986
53.125_-2.625|layer1|10-10,53.125_-2.625,layer1,10-10,2,1,0.22846781571411223,2.4146514425300674
53.125_-4.125|layer1|10-10,53.125_-4.125,layer1,10-10,2,1,0.3458009699972736,1.8538322247688575
53.375_-0.625|layer1|5-5,53.375_-0.625,layer1,5-5,2,1,0.2545169261981039,3.1062792229841234
53.375_-1.875|layer1|0-10,53.375_-1.875,layer1,0-10,3,2,0.23688299107142857,30.19687087228585
53.625_22.875|layer1|5-5,53.625_22.875,layer1,5-5,8,7,0.3518355126887678,14.921509683242398
53.875_-1.375|layer1|5-5,53.875_-1.375,layer1,5-5,2,1,0.3149996387894165,1.3551567712774948
54.125_-0.875|layer1|10-10,54.125_-0.875,layer1,10-10,2,1,0.3150269203412763,0.5244126571006372
54.125_-2.375|layer1|10-10,54.125_-2.375,layer1,10-10,2,1,0.4457938857925435,1.0128713529881728
54.375_-6.125|layer1|5-5,54.375_-6.125,layer1,5-5,2,1,0.3490691439915129,4.033462910554874
54.875_-6.125|layer1|5-5,54.875_-6.125,layer1,5-5,2,1,0.4482874233368599,1.3506567559920806
55.125_-1.625|layer1|10-10,55.125_-1.625,layer1,10-10,2,1,0.32375212610459364,1.2098305709108388
55.375_-2.125|layer1|10-10,55.375_-2.125,layer1,10-10,2,1,0.4685851381465195,1.5716301306295424
55.875_-3.875|layer1|10-10,55.875_-3.875,layer1,10-10,2,1,0.3832383051215358,10.934763217925775
55.875_8.875|layer1|0-5,55.875_8.875,layer1,0-5,3,2,0.16996882260596544,21.22361444322833
55.875_9.125|layer1|0-5,55.875_9.125,layer1,0-5,4,3,0.16034516880436095,19.710356182517557
55.875_9.375|layer1|0-5,55.875_9.375,layer1,0-5,3,2,0.18996646392367322,10.820453123397664
56.125_9.125|layer1|0-5,56.125_9.125,layer1,0-5,8,7,0.1948145110455763,38.1341018639429
56.125_9.375|layer1|0-5,56.125_9.375,layer1,0-5,3,2,0.22434899833055094,42.78623230570799
56.375_-3.125|layer1|10-10,56.375_-3.125,layer1,10-10,2,1,0.33049876793089733,0.4845568559483108
56.375_32.875|layer1|5-5,56.375_32.875,layer1,5-5,5,4,0.33574256944444447,1.9105884090525973
56.875_-2.625|layer1|10-10,56.875_-2.625,layer1,10-10,2,1,0.4755127148551257,8.940266261783512
60.625_-150.375|layer1|5-5,60.625_-150.375,layer1,5-5,2,1,0.15599819813632315,25.703563723333115
64.625_-148.125|layer1|5-5,64.625_-148.125,layer1,5-5,3,2,0.1577745777233782,26.257976990776037
64.625_-148.375|layer1|5-5,64.625_-148.375,layer1,5-5,3,2,0.1999933637548892,7.664872626256738
65.125_-147.625|layer1|10-10,65.125_-147.625,layer1,10-10,4,3,0.3371480163781967,6.632338875589639
67.375_26.625|layer1|5-5,67.375_26.625,layer1,5-5,5,4,0.13552995784148397,66.45496167349896
68.375_27.625|layer1|5-5,68.375_27.625,layer1,5-5,3,2,0.18025746815286625,12.632682186917203
9.625_1.625|layer1|5-5,9.625_1.625,layer1,5-5,2,1,0.07504179281789602,2.8271027887872324
9.875_1.625|layer1|5-5,9.875_1.625,layer1,5-5,2,1,0.11406057074531774,15.618851485983194
-0.875_31.375|layer2|30-30,-0.875_31.375,layer2,30-30,2,1,0.23803777064310686,22.721717070209163
-1.625_29.625|layer2|20-20,-1.625_29.625,layer2,20-20,2,1,0.32462491363044893,3.546560020695199
-10.625_-38.125|layer2|20-20,-10.625_-38.125,layer2,20-20,2,1,0.07680318564252019,30.804271765988233
-11.375_-40.375|layer2|20-20,-11.375_-40.375,layer2,20-20,2,1,0.07748610163982222,11.927614998831856
-13.375_-43.625|layer2|20-20,-13.375_-43.625,layer2,20-20,2,1,0.10513222692504326,17.61426577887636
-13.625_-41.875|layer2|20-20,-13.625_-41.875,layer2,20-20,2,1,0.08316033958778224,42.029889387136315
-14.375_-42.375|layer2|20-20,-14.375_-42.375,layer2,20-20,2,1,0.09293835604679751,31.05436957416576
-14.625_-40.625|layer2|20-20,-14.625_-40.625,layer2,20-20,2,1,0.08957946630718294,23.651073428015323
-15.125_-42.875|layer2|20-20,-15.125_-42.875,layer2,20-20,2,1,0.0916541991534281,15.393619499135772
-3.625_-40.625|layer2|20-20,-3.625_-40.625,layer2,20-20,2,1,0.0814695039180229,7.223352459874967
-36.625_174.625|layer2|20-20,-36.625_174.625,layer2,20-20,3,2,0.31441973333333334,7.553578132622766
-4.125_-39.375|layer2|20-20,-4.125_-39.375,layer2,20-20,2,1,0.12274351316311494,80.07714270806608
-5.375_-39.625|layer2|20-20,-5.375_-39.625,layer2,20-20,2,1,0.07754147666731637,49.602032826051236
-5.625_-39.125|layer2|20-20,-5.625_-39.125,layer2,20-20,2,1,0.09394794433990505,9.080174994338572
-5.875_-37.625|layer2|20-20,-5.875_-37.625,layer2,20-20,2,1,0.07669687862098562,54.7953096219258
-6.375_-39.375|layer2|20-20,-6.375_-39.375,layer2,20-20,2,1,0.10965697110940512,23.624838111565484
-6.625_-38.375|layer2|20-20,-6.625_-38.375,layer2,20-20,2,1,0.20322999937718356,21.726440024731804
-6.875_-38.875|layer2|20-20,-6.875_-38.875,layer2,20-20,2,1,0.10983802801120449,29.978892270604927
-7.375_-38.875|layer2|20-20,-7.375_-38.875,layer2,20-20,2,1,0.030646867697644034,43.10276808779519
-7.375_-41.875|layer2|20-20,-7.375_-41.875,layer2,20-20,2,1,0.06682125535017337,25.50847352406142
-7.625_-38.375|layer2|20-20,-7.625_-38.375,layer2,20-20,2,1,0.10197399219201853,13.416884823871426
-7.625_-39.625|layer2|20-20,-7.625_-39.625,layer2,20-20,2,1,0.08713836646147087,22.2553119273727
-7.875_-35.875|layer2|20-20,-7.875_-35.875,layer2,20-20,2,1,0.0831252422968146,71.71711857474014
-7.875_-41.875|layer2|20-20,-7.875_-41.875,layer2,20-20,2,1,0.04448459882261535,24.275967848521162
-9.125_-36.625|layer2|20-20,-9.125_-36.625,layer2,20-20,2,1,0.16883315312965724,11.867724293622512
-9.125_-37.375|layer2|20-20,-9.125_-37.375,layer2,20-20,2,1,0.05227593076220866,49.86421585931688
-9.125_-38.125|layer2|20-20,-9.125_-38.125,layer2,20-20,2,1,0.05868797048424048,13.440445371677995
-9.625_-37.375|layer2|20-20,-9.625_-37.375,layer2,20-20,2,1,0.05267769547897458,14.20887016309446
0.375_32.625|layer2|20-20,0.375_32.625,layer2,20-20,2,1,0.2779466492067477,9.987218664958728
17.375_96.375|layer2|20-20,17.375_96.375,layer2,20-20,5,4,0.210564985915493,16.16603434976021
17.375_96.625|layer2|20-20,17.375_96.625,layer2,20-20,2,1,0.24236926645461218,4.938875217160288
19.875_-155.625|layer2|30-30,19.875_-155.625,layer2,30-30,2,1,0.1775458577388952,0.3788489355071069
20.125_-155.625|layer2|30-30,20.125_-155.625,layer2,30-30,2,1,0.29074255272450605,29.292841063033375
31.125_91.875|layer2|20-20,31.125_91.875,layer2,20-20,2,1,0.1330274347066568,24.78148178421913
31.125_92.375|layer2|20-20,31.125_92.375,layer2,20-20,2,1,0.2701110862695701,4.666946927448074
31.375_91.875|layer2|20-20,31.375_91.875,layer2,20-20,4,3,0.1277023580877599,7.077291371055491
31.375_92.125|layer2|20-20,31.375_92.125,layer2,20-20,2,1,0.12206505980893818,10.549884370054663
31.625_-109.875|layer2|15-15,31.625_-109.875,layer2,15-15,2,1,0.16899251989850222,8.327083447091097
31.625_91.625|layer2|20-20,31.625_91.625,layer2,20-20,3,2,0.1844947883211679,18.15342943665803
31.625_91.875|layer2|20-20,31.625_91.875,layer2,20-20,2,1,0.19703335972436392,13.508253278972505
31.625_92.125|layer2|20-20,31.625_92.125,layer2,20-20,2,1,0.20633087523091426,18.685538549558657
31.625_92.375|layer2|20-20,31.625_92.375,layer2,20-20,2,1,0.17786847134125244,8.521878802352864
31.875_91.625|layer2|20-20,31.875_91.625,layer2,20-20,4,3,0.18539066560166634,28.252276889992118
31.875_91.875|layer2|20-20,31.875_91.875,layer2,20-20,2,1,0.16693783949813923,9.85079979458834
32.375_80.125|layer2|20-20,32.375_80.125,layer2,20-20,3,2,0.06779733001658374,9.775052665674655
32.625_-106.625|layer2|20-20,32.625_-106.625,layer2,20-20,3,2,0.11799336927223719,34.46289678163406
32.625_-106.875|layer2|20-20,32.625_-106.875,layer2,20-20,3,2,0.09317614224137931,11.259152711690152
32.625_79.875|layer2|20-20,32.625_79.875,layer2,20-20,5,4,0.0947598738170347,56.43174919449543
33.375_79.625|layer2|20-20,33.375_79.625,layer2,20-20,2,1,0.15352221697456414,41.58523088448774
33.625_101.875|layer2|20-20,33.625_101.875,layer2,20-20,3,2,0.41094120000000006,13.786115975831068
33.625_102.125|layer2|20-20,33.625_102.125,layer2,20-20,2,1,0.3504250348615756,0.795100568049562
33.875_-83.375|layer2|20-20,33.875_-83.375,layer2,20-20,4,3,0.13500822535669105,18.766233654910874
33.875_102.125|layer2|20-20,33.875_102.125,layer2,20-20,3,2,0.2852242242242242,13.882283604143366
33.875_102.625|layer2|20-20,33.875_102.625,layer2,20-20,2,1,0.30073075508238245,1.7364658095057097
34.125_101.875|layer2|20-20,34.125_101.875,layer2,20-20,2,1,0.2937132389747801,7.084874128072713
34.375_-111.375|layer2|20-20,34.375_-111.375,layer2,20-20,3,2,0.11860169642857142,95.1650327451662
34.875_-111.625|layer2|20-20,34.875_-111.625,layer2,20-20,4,3,0.24744758401807154,20.286556544888814
34.875_-86.625|layer2|20-20,34.875_-86.625,layer2,20-20,5,4,0.28021421779141104,16.364623791234955
34.875_-98.125|layer2|15-15,34.875_-98.125,layer2,15-15,2,1,0.3251790464130523,0.2901410213683428
35.375_-82.625|layer2|20-20,35.375_-82.625,layer2,20-20,2,1,0.25455577519982536,7.137865219552144
35.375_-98.875|layer2|15-15,35.375_-98.875,layer2,15-15,2,1,0.31981747610459466,0.029260255418050884
35.625_-96.875|layer2|25-25,35.625_-96.875,layer2,25-25,2,1,0.3074823910204838,0.7855821301794281
35.875_-97.125|layer2|20-20,35.875_-97.125,layer2,20-20,3,2,0.4065640227048371,1.2839484184331273
35.875_-98.125|layer2|20-20,35.875_-98.125,layer2,20-20,3,2,0.2334659433962264,1.550276639515652
36.125_-105.625|layer2|20-20,36.125_-105.625,layer2,20-20,2,1,0.13117636391064816,17.512418413631696
36.125_-106.875|layer2|20-20,36.125_-106.875,layer2,20-20,2,1,0.17509435444828825,38.11344300693886
36.125_-115.625|layer2|20-20,36.125_-115.625,layer2,20-20,3,2,0.1318307792207792,25.910361665704603
36.125_-97.125|layer2|20-20,36.125_-97.125,layer2,20-20,2,1,0.2834069234115034,17.858788982818453
36.125_-97.625|layer2|20-20,36.125_-97.625,layer2,20-20,3,2,0.31754707122960607,4.266920322089035
36.125_-98.625|layer2|13-13,36.125_-98.625,layer2,13-13,7,6,0.20787517441860465,17.654987750604164
36.125_-99.125|layer2|25-25,36.125_-99.125,layer2,25-25,2,1,0.1729286056947778,0.03579324859294311
36.375_-115.625|layer2|20-20,36.375_-115.625,layer2,20-20,4,3,0.10333962896954586,23.80031995256317
36.375_-115.875|layer2|20-20,36.375_-115.875,layer2,20-20,3,2,0.13240026992287918,21.59955119213158
36.375_-96.875|layer2|20-20,36.375_-96.875,layer2,20-20,3,2,0.40640164210526314,4.4005705978088665
36.375_-97.125|layer2|20-20,36.375_-97.125,layer2,20-20,2,1,0.2701332111861138,1.307772935628668
36.375_-97.875|layer2|20-20,36.375_-97.875,layer2,20-20,2,1,0.2189428854240797,0.6875381186818504
36.625_-101.625|layer2|20-20,36.625_-101.625,layer2,20-20,2,1,0.2048231731972631,5.172131844042179
36.625_-105.375|layer2|20-20,36.625_-105.375,layer2,20-20,2,1,0.1351587873236238,50.38014093651503
36.625_-97.375|layer2|20-20,36.625_-97.375,layer2,20-20,3,2,0.3738039698965193,2.799942123577183
36.875_-96.375|layer2|20-20,36.875_-96.375,layer2,20-20,3,2,0.2725979325842697,12.46544327496842
36.875_-97.125|layer2|20-20,36.875_-97.125,layer2,20-20,3,2,0.27579081773399017,6.359886611931377
36.875_-97.875|layer2|20-20,36.875_-97.875,layer2,20-20,3,2,0.2866485611510791,1.8342632021155092
36.875_-98.375|layer2|20-20,36.875_-98.375,layer2,20-20,3,2,0.2621533993783994,2.179472579571887
37.125_-105.125|layer2|20-20,37.125_-105.125,layer2,20-20,3,2,0.15180466065747614,19.921234649458967
37.125_-105.875|layer2|20-20,37.125_-105.875,layer2,20-20,3,2,0.1377170245398773,8.775034047925688
37.125_-95.875|layer2|25-25,37.125_-95.875,layer2,25-25,2,1,0.33308476561944067,0.012412346012946272
37.125_-97.875|layer2|20-20,37.125_-97.875,layer2,20-20,3,2,0.32455512437810946,2.3792227052592363
37.125_-98.125|layer2|20-20,37.125_-98.125,layer2,20-20,3,2,0.24915897342365817,1.9069017313033874
37.125_127.625|layer2|30-30,37.125_127.625,layer2,30-30,2,1,0.22670569710457716,1.2096940463821342
37.375_-112.625|layer2|20-20,37.375_-112.625,layer2,20-20,3,2,0.15858693628164097,37.520015291161435
37.375_-113.875|layer2|20-20,37.375_-113.875,layer2,20-20,2,1,0.16556244141904247,8.561894645369396
37.375_-96.125|layer2|15-15,37.375_-96.125,layer2,15-15,2,1,0.3167577926690244,0.5056444465661679
37.375_-99.375|layer2|25-25,37.375_-99.375,layer2,25-25,2,1,0.14628767230065606,0.5696439753891428
37.375_126.875|layer2|20-20,37.375_126.875,layer2,20-20,2,1,0.1933509847910347,13.720396123965758
37.625_-112.625|layer2|20-20,37.625_-112.625,layer2,20-20,3,2,0.2111409433962264,16.728780547721346
37.625_-112.875|layer2|20-20,37.625_-112.875,layer2,20-20,6,5,0.1848671556320461,33.77667896084057
37.875_-108.125|layer2|20-20,37.875_-108.125,layer2,20-20,2,1,0.2252561550775135,5.226602799979654
37.875_-109.375|layer2|20-20,37.875_-109.375,layer2,20-20,2,1,0.18349774793384294,12.389903256393234
37.875_-111.875|layer2|20-20,37.875_-111.875,layer2,20-20,2,1,0.17637826655048133,5.500889925013617
37.875_-97.125|layer2|25-25,37.875_-97.125,layer2,25-25,2,1,0.33227959350221303,0.4945067261310578
37.875_-98.375|layer2|15-15,37.875_-98.375,layer2,15-15,2,1,0.14284207057909307,0.7772345661283178
38.125_-111.375|layer2|20-20,38.125_-111.375,layer2,20-20,2,1,0.1701201769971104,21.582480680610015
38.125_-119.125|layer2|20-20,38.125_-119.125,layer2,20-20,2,1,0.05822844397522335,15.621804847388299
38.125_-120.875|layer2|20-20,38.125_-120.875,layer2,20-20,12,11,0.0935969938437264,63.98670680614333
38.125_-121.625|layer2|20-20,38.125_-121.625,layer2,20-20,2,1,0.18542259688685753,20.33277021357051
38.125_-95.625|layer2|25-25,38.125_-95.625,layer2,25-25,2,1,0.4067787377683342,0.12617168399654793
38.125_-97.625|layer2|15-15,38.125_-97.625,layer2,15-15,2,1,0.3350032895504793,2.069085507160688
38.125_-99.375|layer2|15-15,38.125_-99.375,layer2,15-15,2,1,0.2825455306173838,0.4747361033310147
38.375_-109.375|layer2|20-20,38.375_-109.375,layer2,20-20,3,2,0.14412847902657702,88.7034881362829
38.375_-112.375|layer2|20-20,38.375_-112.375,layer2,20-20,5,4,0.18377982115085537,24.76811853012392
38.375_-119.375|layer2|20-20,38.375_-119.375,layer2,20-20,2,1,0.09564518648095499,34.923600423637275
38.375_-119.625|layer2|20-20,38.375_-119.625,layer2,20-20,4,3,0.10788669092644344,51.58559801196835
38.375_-120.875|layer2|20-20,38.375_-120.875,layer2,20-20,2,1,0.200016352215084,5.926364369281789
38.375_-97.375|layer2|15-15,38.375_-97.375,layer2,15-15,2,1,0.3476602387449217,0.35057644447985126
38.625_-119.625|layer2|20-20,38.625_-119.625,layer2,20-20,2,1,0.2455203847649597,5.048471045224894
38.625_-119.875|layer2|20-20,38.625_-119.875,layer2,20-20,6,5,0.1001652189796483,85.16937775383077
38.625_-120.875|layer2|15-15,38.625_-120.875,layer2,15-15,7,6,0.21152194852941175,21.59832121331685
38.625_-92.125|layer2|20-20,38.625_-92.125,layer2,20-20,2,1,0.2981656834539371,3.5136191300738067
38.875_-106.625|layer2|20-20,38.875_-106.625,layer2,20-20,4,3,0.14889307220667897,33.05257792941703
38.875_-111.625|layer2|20-20,38.875_-111.625,layer2,20-20,4,3,0.21856616082238328,11.79600415383299
38.875_-112.125|layer2|20-20,38.875_-112.125,layer2,20-20,3,2,0.1682005314322748,26.776630096120922
38.875_-119.875|layer2|20-20,38.875_-119.875,layer2,20-20,2,1,0.08895554860509627,31.203242528727433
38.875_-120.125|layer2|20-20,38.875_-120.125,layer2,20-20,4,3,0.16098109955374554,43.08083971638494
39.125_-106.875|layer2|20-20,39.125_-106.875,layer2,20-20,6,5,0.16557150575214086,39.89545865392806
39.125_-111.375|layer2|20-20,39.125_-111.375,layer2,20-20,5,4,0.24892515283842792,9.93908692721943
39.125_-111.625|layer2|20-20,39.125_-111.625,layer2,20-20,6,5,0.30648853058833614,13.448153315402779
39.125_-120.125|layer2|20-20,39.125_-120.125,layer2,20-20,2,1,0.18524726684654375,6.125975051894707
39.125_-123.125|layer2|20-20,39.125_-123.125,layer2,20-20,3,2,0.2638669162141195,20.589353549908743
39.375_-106.125|layer2|20-20,39.375_-106.125,layer2,20-20,4,3,0.19466230625840178,26.406716893399267
39.375_-106.625|layer2|20-20,39.375_-106.625,layer2,20-20,2,1,0.1603680092838196,68.44808846866547
39.375_-111.375|layer2|20-20,39.375_-111.375,layer2,20-20,5,4,0.24539101921470347,18.440801402511543
39.375_-111.625|layer2|20-20,39.375_-111.625,layer2,20-20,2,1,0.19219690772682674,13.327381853763569
39.375_-119.875|layer2|20-20,39.375_-119.875,layer2,20-20,3,2,0.06155206438068579,56.269083201715745
39.375_-120.375|layer2|20-20,39.375_-120.375,layer2,20-20,7,6,0.14115885135135137,17.03161471587284
39.375_-123.125|layer2|20-20,39.375_-123.125,layer2,20-20,2,1,0.24871651694702387,5.826225784959513
39.625_-105.875|layer2|20-20,39.625_-105.875,layer2,20-20,2,1,0.05863016555055395,37.13266789494387
39.625_-110.375|layer2|20-20,39.625_-110.375,layer2,20-20,3,2,0.2980259069020867,18.356207865064864
39.625_-111.375|layer2|20-20,39.625_-111.375,layer2,20-20,3,2,0.23609818933443574,3.0756413192173033
39.625_16.125|layer2|30-30,39.625_16.125,layer2,30-30,3,2,0.22293095260115606,44.16080959473905
39.875_-111.375|layer2|20-20,39.875_-111.375,layer2,20-20,2,1,0.16333814855489168,7.061264359429731
39.875_-111.625|layer2|20-20,39.875_-111.625,layer2,20-20,2,1,0.17875297233995402,25.877189053557316
40.125_-105.625|layer2|20-20,40.125_-105.625,layer2,20-20,2,1,0.16470524535544992,18.844858723651445
40.375_-111.625|layer2|20-20,40.375_-111.625,layer2,20-20,3,2,0.17581918088737203,9.486066801625723
40.375_-115.625|layer2|20-20,40.375_-115.625,layer2,20-20,3,2,0.13194033873343153,17.47688613526168
40.625_-109.625|layer2|20-20,40.625_-109.625,layer2,20-20,2,1,0.2095644713545099,1.3069267194276089
40.625_-110.375|layer2|20-20,40.625_-110.375,layer2,20-20,3,2,0.260202018018018,40.59857430312639
40.625_-110.625|layer2|20-20,40.625_-110.625,layer2,20-20,3,2,0.17711976608187133,56.66951771192129
40.625_-111.125|layer2|20-20,40.625_-111.125,layer2,20-20,2,1,0.1772392655688081,5.333924411467155
40.625_-111.625|layer2|20-20,40.625_-111.625,layer2,20-20,7,6,0.16548454773869348,25.568104000339368
40.625_-115.375|layer2|20-20,40.625_-115.375,layer2,20-20,2,1,0.17506841125962316,28.732149470895624
40.625_-120.625|layer2|20-20,40.625_-120.625,layer2,20-20,2,1,0.08378331048833398,57.807203150839534
40.875_-104.625|layer2|20-20,40.875_-104.625,layer2,20-20,3,2,0.19795435754189944,13.753294099798941
40.875_-106.625|layer2|20-20,40.875_-106.625,layer2,20-20,2,1,0.16353858011279487,4.66268650524801
40.875_-110.125|layer2|20-20,40.875_-110.125,layer2,20-20,4,3,0.1621314467507801,24.24929462142944
40.875_-110.625|layer2|20-20,40.875_-110.625,layer2,20-20,3,2,0.2622659435897436,28.222044972332956
40.875_-110.875|layer2|20-20,40.875_-110.875,layer2,20-20,3,2,0.16227047289504037,11.356881775907109
40.875_-111.125|layer2|20-20,40.875_-111.125,layer2,20-20,3,2,0.16745998596819459,46.60219387828545
40.875_-111.625|layer2|20-20,40.875_-111.625,layer2,20-20,9,8,0.19751990622655666,50.25773883162129
40.875_-111.875|layer2|20-20,40.875_-111.875,layer2,20-20,7,6,0.21555909616038055,15.775767479722429
40.875_-115.125|layer2|20-20,40.875_-115.125,layer2,20-20,4,3,0.14673630485595174,26.83460554138168
41.125_-111.375|layer2|20-20,41.125_-111.375,layer2,20-20,3,2,0.1814453777605579,32.14384496897469
41.375_-111.375|layer2|20-20,41.375_-111.375,layer2,20-20,4,3,0.11811690499868402,14.526477555364082
41.375_-111.875|layer2|20-20,41.375_-111.875,layer2,20-20,6,5,0.19722309747003267,16.681737166466792
41.375_-71.625|layer2|20-20,41.375_-71.625,layer2,20-20,2,1,0.2227217191805295,14.22503421040429
41.625_-115.375|layer2|20-20,41.625_-115.375,layer2,20-20,2,1,0.23116753334761367,15.568978455507285
41.625_-116.125|layer2|20-20,41.625_-116.125,layer2,20-20,2,1,0.18885549101460472,12.56261479066509
41.625_-117.625|layer2|20-20,41.625_-117.625,layer2,20-20,2,1,0.1624495244663432,35.93770390408613
41.875_-111.625|layer2|20-20,41.875_-111.625,layer2,20-20,5,4,0.18249154436860068,14.316569494174605
41.875_-113.375|layer2|20-20,41.875_-113.375,layer2,20-20,4,3,0.22370480477835836,35.602925646123595
41.875_-115.125|layer2|20-20,41.875_-115.125,layer2,20-20,2,1,0.1273324676236516,4.96308887050074
41.875_-116.125|layer2|20-20,41.875_-116.125,layer2,20-20,3,2,0.2170492127921279,6.642801552732895
41.875_115.625|layer2|20-20,41.875_115.625,layer2,20-20,3,2,0.3851820261437909,15.80411150706352
42.125_0.875|layer2|20-20,42.125_0.875,layer2,20-20,4,3,0.32968365444424863,30.16967148462243
42.125_1.125|layer2|20-20,42.125_1.125,layer2,20-20,2,1,0.15563438821188413,1.5247039536311544
42.125_116.125|layer2|20-20,42.125_116.125,layer2,20-20,2,1,0.12371639243734987,12.038950038617179
42.375_-83.625|layer2|30-30,42.375_-83.625,layer2,30-30,3,2,0.14821820945945946,27.0868876605955
42.375_1.875|layer2|20-20,42.375_1.875,layer2,20-20,2,1,0.10195010879379293,35.267547522235354
42.375_115.625|layer2|20-20,42.375_115.625,layer2,20-20,2,1,0.15627559447004608,17.450961912849
42.625_-109.375|layer2|20-20,42.625_-109.375,layer2,20-20,2,1,0.17771253572224194,40.46782873755228
43.125_12.125|layer2|15-25,43.125_12.125,layer2,15-25,2,1,0.224635432317812,14.115768334627987
43.375_12.125|layer2|15-25,43.375_12.125,layer2,15-25,2,1,0.244616531683359,15.166279088782602
43.375_3.375|layer2|20-20,43.375_3.375,layer2,20-20,3,2,0.17505708102831108,12.668584890186802
43.625_-113.875|layer2|20-20,43.625_-113.875,layer2,20-20,3,2,0.1444940898264716,24.587335618956388
43.625_-96.625|layer2|20-20,43.625_-96.625,layer2,20-20,2,1,0.30772637502524397,14.907886528904978
44.125_-110.625|layer2|20-20,44.125_-110.625,layer2,20-20,2,1,0.14760042918043956,1.0846688368114228
44.625_4.125|layer2|20-20,44.625_4.125,layer2,20-20,3,2,0.1988853391053391,11.140149552109843
44.625_8.625|layer2|20-20,44.625_8.625,layer2,20-20,5,4,0.23419817781043345,9.491135220605537
45.125_7.125|layer2|20-20,45.125_7.125,layer2,20-20,2,1,0.13791852595563944,12.052721776765772
45.375_-74.875|layer2|20-20,45.375_-74.875,layer2,20-20,7,6,0.3440944724556489,11.12794662981082
45.375_-75.125|layer2|20-20,45.375_-75.125,layer2,20-20,5,4,0.34121611827141773,24.23632441022164
46.875_-121.625|layer2|20-20,46.875_-121.625,layer2,20-20,2,1,0.2878456130229977,3.8510949945167474
46.875_15.875|layer2|20-20,46.875_15.875,layer2,20-20,10,9,0.37513598032748857,17.85628592521373
46.875_16.125|layer2|20-20,46.875_16.125,layer2,20-20,4,3,0.32534604263875694,10.674111452961556
47.875_-117.125|layer2|20-20,47.875_-117.125,layer2,20-20,2,1,0.15870298770154564,21.92139349104553
48.125_15.125|layer2|20-20,48.125_15.125,layer2,20-20,11,10,0.34958400613967766,5.771038304814794
48.375_-105.125|layer2|20-20,48.375_-105.125,layer2,20-20,2,1,0.17934097560020013,8.360856353905145
48.625_-120.625|layer2|20-20,48.625_-120.625,layer2,20-20,2,1,0.1650159544198136,0.1208488672737023
49.375_-97.875|layer2|20-20,49.375_-97.875,layer2,20-20,3,2,0.34874989643268123,1.6892611014006267
49.625_-97.875|layer2|20-20,49.625_-97.875,layer2,20-20,5,4,0.32751886048210377,24.276655526533105
49.625_-98.125|layer2|20-20,49.625_-98.125,layer2,20-20,8,7,0.18661447056734304,24.832092288851523
49.875_-97.375|layer2|20-20,49.875_-97.375,layer2,20-20,3,2,0.4611581784728611,2.824878042477275
49.875_-97.875|layer2|20-20,49.875_-97.875,layer2,20-20,2,1,0.4319137244525547,1.986791335105486
50.125_-97.625|layer2|20-20,50.125_-97.625,layer2,20-20,4,3,0.36463113472927244,7.997287644087083
50.875_-2.625|layer2|15-15,50.875_-2.625,layer2,15-15,2,1,0.29020671827071487,5.445589879472163
50.875_6.375|layer2|20-20,50.875_6.375,layer2,20-20,6,5,0.2335616690324838,15.71194496002298
51.125_6.125|layer2|20-20,51.125_6.125,layer2,20-20,2,1,0.21149727445894234,1.730590688699507
51.375_-106.375|layer2|20-20,51.375_-106.375,layer2,20-20,2,1,0.13309145796594257,15.221258701101169
51.375_-106.625|layer2|20-20,51.375_-106.625,layer2,20-20,3,2,0.17007009796533534,5.892031409015272
51.625_-1.375|layer2|15-15,51.625_-1.375,layer2,15-15,2,1,0.23363626824532427,28.20539575262451
51.625_0.375|layer2|15-15,51.625_0.375,layer2,15-15,2,1,0.26913245955510623,1.244944047035899
52.125_0.875|layer2|25-25,52.125_0.875,layer2,25-25,2,1,0.29836119700820607,2.1809030387301145
52.125_6.375|layer2|20-20,52.125_6.375,layer2,20-20,3,2,0.19764813700918962,26.884024700771626
52.125_6.625|layer2|20-20,52.125_6.625,layer2,20-20,4,3,0.23421242619765686,36.09114814033981
52.375_13.375|layer2|25-25,52.375_13.375,layer2,25-25,2,1,0.14406380715440298,6.996381656562802
52.375_13.625|layer2|15-15,52.375_13.625,layer2,15-15,3,2,0.1247878045325779,30.678028261714605
52.375_6.375|layer2|20-20,52.375_6.375,layer2,20-20,3,2,0.28607038946162655,14.159408049984593
52.375_6.625|layer2|20-20,52.375_6.625,layer2,20-20,2,1,0.2913808457650227,7.780255159633179
52.375_6.875|layer2|20-20,52.375_6.875,layer2,20-20,5,4,0.2698837238873751,17.73102797115488
52.625_-0.875|layer2|15-15,52.625_-0.875,layer2,15-15,2,1,0.2984169848126138,4.245929516468666
52.625_13.125|layer2|25-25,52.625_13.125,layer2,25-25,2,1,0.12674358647607556,21.424053727095718
52.625_13.375|layer2|25-25,52.625_13.375,layer2,25-25,3,2,0.18778556254367573,3.2298782577431355
52.625_13.625|layer2|15-15,52.625_13.625,layer2,15-15,2,1,0.21518593023318416,3.7938167169774757
53.375_-0.625|layer2|25-25,53.375_-0.625,layer2,25-25,2,1,0.2902949317272227,11.76559844510172
53.625_22.875|layer2|20-20,53.625_22.875,layer2,20-20,3,2,0.41474422932330823,4.420734002411652
53.875_-1.375|layer2|25-25,53.875_-1.375,layer2,25-25,2,1,0.2934349124490354,6.754047639379597
54.375_-6.125|layer2|25-25,54.375_-6.125,layer2,25-25,2,1,0.3544682230092369,0.534484509375448
54.375_-7.375|layer2|25-25,54.375_-7.375,layer2,25-25,2,1,0.4124327556671007,8.369244335286377
54.875_-6.125|layer2|15-15,54.875_-6.125,layer2,15-15,2,1,0.39457528577099055,3.1727273122140027
55.875_8.875|layer2|20-25,55.875_8.875,layer2,20-25,5,4,0.21447934437543134,16.217389225284986
55.875_9.125|layer2|20-25,55.875_9.125,layer2,20-25,4,3,0.1839161445201427,34.16482013083251
55.875_9.375|layer2|20-25,55.875_9.375,layer2,20-25,3,2,0.2068431981981982,6.501200677580632
56.125_9.125|layer2|20-25,56.125_9.125,layer2,20-25,6,5,0.20717905972544004,10.422563031884907
56.375_32.875|layer2|15-15,56.375_32.875,layer2,15-15,2,1,0.35500674102659124,2.3124694679548057
6.125_-0.375|layer2|30-30,6.125_-0.375,layer2,30-30,2,1,0.19544672510473804,0.9594320980152213
60.625_-150.375|layer2|20-20,60.625_-150.375,layer2,20-20,3,2,0.16544901805869075,40.16904146536323
64.625_-148.125|layer2|20-20,64.625_-148.125,layer2,20-20,2,1,0.32523779698163946,17.88758229220114
64.625_-148.375|layer2|20-20,64.625_-148.375,layer2,20-20,3,2,0.22759952351097182,14.38663025787403
65.125_-147.625|layer2|20-20,65.125_-147.625,layer2,20-20,2,1,0.3229398102322162,13.10045110653564
67.375_26.625|layer2|20-20,67.375_26.625,layer2,20-20,4,3,0.1847028960467374,55.16057831858298
9.625_1.625|layer2|20-20,9.625_1.625,layer2,20-20,2,1,0.10073639235190407,19.228230115674982
9.875_1.625|layer2|20-20,9.875_1.625,layer2,20-20,2,1,0.1857628840694861,10.651730371526739
-40.875_175.875|layer3|37-43,-40.875_175.875,layer3,37-43,2,1,0.3250197355923501,3.0894594215097735
18.125_-67.125|layer3|50-50,18.125_-67.125,layer3,50-50,2,1,0.3150320991997698,24.96938731340999
19.875_-155.375|layer3|50-50,19.875_-155.375,layer3,50-50,2,1,0.2699431566758563,65.17292697250181
19.875_-155.625|layer3|50-50,19.875_-155.625,layer3,50-50,2,1,0.1888297975143584,18.56974761384764
31.125_91.875|layer3|40-40,31.125_91.875,layer3,40-40,2,1,0.1515072410196473,14.470837153167297
31.125_92.125|layer3|40-40,31.125_92.125,layer3,40-40,2,1,0.19335893823925865,30.026495965518766
31.125_92.375|layer3|40-40,31.125_92.375,layer3,40-40,2,1,0.231345065913846,36.95497317888127
31.375_91.875|layer3|40-40,31.375_91.875,layer3,40-40,6,5,0.14814003778379417,58.17374501516467
31.375_92.125|layer3|40-40,31.375_92.125,layer3,40-40,2,1,0.24939182425316486,19.828378293411465
31.625_-110.125|layer3|50-50,31.625_-110.125,layer3,50-50,4,3,0.14704012947813394,12.97981272877373
31.625_91.625|layer3|40-40,31.625_91.625,layer3,40-40,3,2,0.19228052023121386,14.566862818637789
31.625_91.875|layer3|40-40,31.625_91.875,layer3,40-40,3,2,0.1619195894736842,11.45574437743072
31.625_92.125|layer3|40-40,31.625_92.125,layer3,40-40,3,2,0.22690335152838428,29.80955459699526
31.625_92.375|layer3|40-40,31.625_92.375,layer3,40-40,4,3,0.17569986361323156,27.00674854419689
31.875_91.625|layer3|40-40,31.875_91.625,layer3,40-40,3,2,0.20221985605419135,33.00672242158279
31.875_91.875|layer3|40-40,31.875_91.875,layer3,40-40,2,1,0.21145920282958358,5.334277500158893
32.375_80.125|layer3|40-40,32.375_80.125,layer3,40-40,3,2,0.07462392097264438,35.15045634930821
32.625_-106.625|layer3|50-50,32.625_-106.625,layer3,50-50,3,2,0.03608617573915446,83.96958071430876
32.625_79.875|layer3|40-40,32.625_79.875,layer3,40-40,3,2,0.08494974633596393,127.15737481882739
32.625_80.125|layer3|40-40,32.625_80.125,layer3,40-40,2,1,0.05069231851196068,64.64760454607912
33.375_79.625|layer3|40-40,33.375_79.625,layer3,40-40,2,1,0.26049697505946445,6.410740395409398
33.875_-83.375|layer3|50-50,33.875_-83.375,layer3,50-50,4,3,0.2070506471735723,17.30927035068859
33.875_102.125|layer3|40-40,33.875_102.125,layer3,40-40,4,3,0.21586014741888096,4.143438605801191
34.375_-111.375|layer3|50-50,34.375_-111.375,layer3,50-50,2,1,0.2616206047170002,25.135763649423385
34.875_-111.625|layer3|50-50,34.875_-111.625,layer3,50-50,3,2,0.35379929489009415,16.394993872758572
34.875_-86.625|layer3|50-50,34.875_-86.625,layer3,50-50,6,5,0.33034753540650835,19.542804896635655
34.875_-98.125|layer3|35-35,34.875_-98.125,layer3,35-35,2,1,0.2520221323252013,0.46809064884866014
35.375_-82.625|layer3|50-50,35.375_-82.625,layer3,50-50,2,1,0.3138881676114673,1.726292445825001
35.375_-98.875|layer3|35-35,35.375_-98.875,layer3,35-35,2,1,0.3111063358559971,0.9297216029241081
35.625_-96.875|layer3|35-35,35.625_-96.875,layer3,35-35,2,1,0.30862091877947456,0.008135393836964879
35.625_-98.125|layer3|35-35,35.625_-98.125,layer3,35-35,2,1,0.28932742709131565,1.289403868873604
35.875_-97.125|layer3|50-50,35.875_-97.125,layer3,50-50,3,2,0.3629430596491227,1.5716676734428827
36.125_-105.625|layer3|50-50,36.125_-105.625,layer3,50-50,3,2,0.2419104435318275,12.708268904565399
36.125_-106.875|layer3|50-50,36.125_-106.875,layer3,50-50,2,1,0.2230619530698022,36.21711047575856
36.125_-97.125|layer3|50-50,36.125_-97.125,layer3,50-50,2,1,0.3113298199583748,20.619920126653277
36.125_-97.625|layer3|50-50,36.125_-97.625,layer3,50-50,3,2,0.3562010987903226,3.5362049582873167
36.125_-99.125|layer3|35-35,36.125_-99.125,layer3,35-35,2,1,0.17611856844025975,0.6480243192024089
36.375_-115.625|layer3|50-50,36.375_-115.625,layer3,50-50,4,3,0.11501239279555356,16.025072228738235
36.375_-115.875|layer3|50-50,36.375_-115.875,layer3,50-50,2,1,0.20454861021197485,19.666088635596925
36.375_-96.875|layer3|50-50,36.375_-96.875,layer3,50-50,3,2,0.3278476399026764,4.770079405694695
36.375_-97.125|layer3|50-50,36.375_-97.125,layer3,50-50,3,2,0.35374514806378127,3.5718406897770096
36.375_-97.875|layer3|50-50,36.375_-97.875,layer3,50-50,2,1,0.20106082543031634,4.492007487435763
36.625_-101.625|layer3|50-50,36.625_-101.625,layer3,50-50,2,1,0.24285234028591599,9.065841646489847
36.625_-97.375|layer3|35-35,36.625_-97.375,layer3,35-35,2,1,0.3600226165175595,0.3871864894195853
36.875_-96.375|layer3|35-35,36.875_-96.375,layer3,35-35,2,1,0.27539709933827067,0.39068069876773887
36.875_-97.125|layer3|50-50,36.875_-97.125,layer3,50-50,3,2,0.3347684427207637,5.341270006228674
36.875_-97.875|layer3|50-50,36.875_-97.875,layer3,50-50,3,2,0.33253491987179484,7.181279816056373
36.875_-98.375|layer3|35-35,36.875_-98.375,layer3,35-35,2,1,0.2897417705477594,0.2798553192826878
37.125_-105.125|layer3|50-50,37.125_-105.125,layer3,50-50,2,1,0.1521397535377662,29.38896585445371
37.125_-95.875|layer3|35-35,37.125_-95.875,layer3,35-35,2,1,0.3343683164688199,0.33064490895034454
37.125_-97.375|layer3|35-35,37.125_-97.375,layer3,35-35,2,1,0.3077942595040389,0.4217739518817632
37.125_-97.875|layer3|50-50,37.125_-97.875,layer3,50-50,3,2,0.343663013544018,5.717907611284547
37.125_-98.125|layer3|50-50,37.125_-98.125,layer3,50-50,3,2,0.2686394059917356,3.2119289734051537
37.375_-106.875|layer3|50-50,37.375_-106.875,layer3,50-50,3,2,0.18172737574552686,19.164480698032634
37.375_-112.625|layer3|50-50,37.375_-112.625,layer3,50-50,3,2,0.14219759486607145,42.48223289603612
37.375_-113.875|layer3|50-50,37.375_-113.875,layer3,50-50,2,1,0.14160245960131954,2.5075568882514623
37.375_-96.125|layer3|35-35,37.375_-96.125,layer3,35-35,2,1,0.3716827041530578,0.291706349686925
37.375_-99.375|layer3|35-35,37.375_-99.375,layer3,35-35,2,1,0.2112617119328848,29.609045674445408
37.375_126.875|layer3|40-40,37.375_126.875,layer3,40-40,3,2,0.2880781553398059,18.115568048372943
37.625_-112.625|layer3|50-50,37.625_-112.625,layer3,50-50,3,2,0.23635762008733627,27.84481779465056
37.625_-112.875|layer3|50-50,37.625_-112.875,layer3,50-50,4,3,0.26294197867832275,37.546943380796286
37.875_-109.375|layer3|50-50,37.875_-109.375,layer3,50-50,3,2,0.20077527827648115,5.653632497770622
37.875_-111.875|layer3|50-50,37.875_-111.875,layer3,50-50,2,1,0.09634941146618663,24.98115078768477
37.875_-97.125|layer3|35-35,37.875_-97.125,layer3,35-35,2,1,0.4043064849403836,0.6261466737105515
38.125_-111.375|layer3|50-50,38.125_-111.375,layer3,50-50,2,1,0.16196554656846981,40.7303401215352
38.125_-119.125|layer3|50-50,38.125_-119.125,layer3,50-50,2,1,0.03593554372922432,26.108226983553582
38.125_-120.875|layer3|40-40,38.125_-120.875,layer3,40-40,6,5,0.22115747231813998,24.446032147880338
38.125_-95.625|layer3|35-35,38.125_-95.625,layer3,35-35,2,1,0.40674666541644744,0.0900952144073542
38.125_-97.625|layer3|35-35,38.125_-97.625,layer3,35-35,2,1,0.33243920612177613,0.8056332217787225
38.125_-99.375|layer3|35-35,38.125_-99.375,layer3,35-35,2,1,0.27032116090357206,0.04797800918273863
38.375_-109.375|layer3|50-50,38.375_-109.375,layer3,50-50,3,2,0.12150952508960572,17.007924056175575
38.375_-112.375|layer3|50-50,38.375_-112.375,layer3,50-50,4,3,0.10141005583501006,98.84244500089258
38.375_-119.375|layer3|50-50,38.375_-119.375,layer3,50-50,2,1,0.0782164579208943,44.114992606628014
38.375_-119.625|layer3|50-50,38.375_-119.625,layer3,50-50,4,3,0.1848972626217425,21.63689817809506
38.375_-120.875|layer3|40-40,38.375_-120.875,layer3,40-40,5,4,0.167870687593423,17.41634079924319
38.375_-97.375|layer3|35-35,38.375_-97.375,layer3,35-35,2,1,0.3985737664073929,0.11980085667478184
38.625_-119.625|layer3|50-50,38.625_-119.625,layer3,50-50,2,1,0.20214010414680217,10.250884905275639
38.625_-119.875|layer3|50-50,38.625_-119.875,layer3,50-50,6,5,0.13617187886720444,60.997982306111545
38.625_-92.125|layer3|50-50,38.625_-92.125,layer3,50-50,2,1,0.30473410198239187,10.206385861086126
38.875_-106.625|layer3|50-50,38.875_-106.625,layer3,50-50,2,1,0.1707631899009017,77.17977233245179
38.875_-111.625|layer3|50-50,38.875_-111.625,layer3,50-50,4,3,0.28230399420980984,7.967824663152195
38.875_-112.125|layer3|50-50,38.875_-112.125,layer3,50-50,2,1,0.1420477670770579,4.8390879182837185
38.875_-119.875|layer3|50-50,38.875_-119.875,layer3,50-50,2,1,0.09142645570617595,70.72927278746047
38.875_-120.125|layer3|50-50,38.875_-120.125,layer3,50-50,3,2,0.15601449443207124,62.23473785554219
39.125_-106.875|layer3|50-50,39.125_-106.875,layer3,50-50,6,5,0.1303420895171024,56.09971585223427
39.125_-111.375|layer3|50-50,39.125_-111.375,layer3,50-50,5,4,0.31816884615384616,17.65259287499013
39.125_-111.625|layer3|50-50,39.125_-111.625,layer3,50-50,5,4,0.2707574524546661,16.676091140063466
39.125_-120.125|layer3|50-50,39.125_-120.125,layer3,50-50,2,1,0.19322256936895704,5.68042307277716
39.375_-106.125|layer3|50-50,39.375_-106.125,layer3,50-50,6,5,0.13154772685185184,27.916081958520667
39.375_-111.375|layer3|50-50,39.375_-111.375,layer3,50-50,7,6,0.3151875593220339,23.777062732931675
39.375_-119.875|layer3|50-50,39.375_-119.875,layer3,50-50,3,2,0.06651809096732864,37.67858145999556
39.375_-120.375|layer3|50-50,39.375_-120.375,layer3,50-50,5,4,0.1438927896760022,24.80162029505692
39.375_-123.125|layer3|50-50,39.375_-123.125,layer3,50-50,3,2,0.3104701473087819,38.34225384186812
39.625_-110.375|layer3|50-50,39.625_-110.375,layer3,50-50,3,2,0.2929114338643942,16.912864159017754
39.625_-111.375|layer3|50-50,39.625_-111.375,layer3,50-50,2,1,0.2500985803018863,12.121036524436821
39.875_-105.875|layer3|50-50,39.875_-105.875,layer3,50-50,2,1,0.1431022244094488,29.909079274910354
39.875_-111.375|layer3|50-50,39.875_-111.375,layer3,50-50,3,2,0.11503742220514793,52.05934367274639
39.875_-111.625|layer3|50-50,39.875_-111.625,layer3,50-50,5,4,0.17680449367088608,34.34682994817047
40.125_-105.625|layer3|50-50,40.125_-105.625,layer3,50-50,2,1,0.13022327721736507,5.362422208286104
40.375_-111.125|layer3|50-50,40.375_-111.125,layer3,50-50,2,1,0.21233127870266721,20.698250443788016
40.375_-111.625|layer3|50-50,40.375_-111.625,layer3,50-50,3,2,0.15178979040521656,29.013980310229957
40.375_-115.625|layer3|50-50,40.375_-115.625,layer3,50-50,2,1,0.18076765402608835,16.41309473195793
40.625_-109.625|layer3|50-50,40.625_-109.625,layer3,50-50,2,1,0.1731069816169415,33.056185670050965
40.625_-110.375|layer3|50-50,40.625_-110.375,layer3,50-50,2,1,0.15484535680553985,81.7861625719803
40.625_-110.625|layer3|50-50,40.625_-110.625,layer3,50-50,3,2,0.18706268261964737,34.233342656708345
40.625_-111.125|layer3|50-50,40.625_-111.125,layer3,50-50,2,1,0.10366818148070849,37.98511157714989
40.625_-111.625|layer3|50-50,40.625_-111.625,layer3,50-50,8,7,0.1344246092088512,18.965739613921393
40.625_-115.375|layer3|50-50,40.625_-115.375,layer3,50-50,2,1,0.10256491821013046,27.83582330365467
40.875_-104.625|layer3|50-50,40.875_-104.625,layer3,50-50,3,2,0.1702350684931507,16.72880767675166
40.875_-106.625|layer3|50-50,40.875_-106.625,layer3,50-50,2,1,0.1453938012206218,3.8612689137769554
40.875_-110.125|layer3|50-50,40.875_-110.125,layer3,50-50,5,4,0.157361643454039,53.5366178323913
40.875_-110.625|layer3|50-50,40.875_-110.625,layer3,50-50,2,1,0.20702727034341634,25.082633014706694
40.875_-110.875|layer3|50-50,40.875_-110.875,layer3,50-50,2,1,0.11523595538908818,20.885770871918623
40.875_-111.125|layer3|50-50,40.875_-111.125,layer3,50-50,3,2,0.14503800082101806,59.85812515321933
40.875_-111.625|layer3|50-50,40.875_-111.625,layer3,50-50,6,5,0.24760919424230912,31.221993375715932
40.875_-111.875|layer3|50-50,40.875_-111.875,layer3,50-50,6,5,0.19964749563728657,22.504326209455154
40.875_-115.125|layer3|50-50,40.875_-115.125,layer3,50-50,3,2,0.16385891496729513,15.09819546741365
41.125_-111.375|layer3|50-50,41.125_-111.375,layer3,50-50,2,1,0.17240879934390643,42.24181095787416
41.375_-111.375|layer3|50-50,41.375_-111.375,layer3,50-50,6,5,0.12325379375413817,25.40002069225024
41.375_-111.875|layer3|50-50,41.375_-111.875,layer3,50-50,6,5,0.15563696622997253,37.043964916052225
41.375_-71.625|layer3|50-50,41.375_-71.625,layer3,50-50,2,1,0.23855090240700366,21.486447773661812
41.625_-115.375|layer3|50-50,41.625_-115.375,layer3,50-50,2,1,0.18457195279374827,34.25889709787019
41.625_-116.125|layer3|50-50,41.625_-116.125,layer3,50-50,2,1,0.14382310623335604,8.616209107370793
41.625_-117.625|layer3|50-50,41.625_-117.625,layer3,50-50,2,1,0.19506000718561578,22.52574240914563
41.875_-111.625|layer3|50-50,41.875_-111.625,layer3,50-50,6,5,0.1868403433057414,24.203286706702457
41.875_-115.125|layer3|50-50,41.875_-115.125,layer3,50-50,2,1,0.14344651540985287,12.31334321429043
41.875_-116.125|layer3|50-50,41.875_-116.125,layer3,50-50,2,1,0.21662934645040732,18.213339971283492
41.875_115.625|layer3|40-40,41.875_115.625,layer3,40-40,3,2,0.27992178947368423,16.241266980111952
41.875_116.375|layer3|50-50,41.875_116.375,layer3,50-50,2,1,0.07147973898305085,23.398324133381312
42.125_1.125|layer3|50-50,42.125_1.125,layer3,50-50,2,1,0.17622859763956863,13.056168387359742
42.125_115.875|layer3|50-50,42.125_115.875,layer3,50-50,2,1,0.1502152196271416,28.06712048473872
42.125_116.125|layer3|50-50,42.125_116.125,layer3,50-50,3,2,0.07828973451327434,20.70860228870245
42.375_-83.625|layer3|50-50,42.375_-83.625,layer3,50-50,5,4,0.17510644736842101,18.459636889809293
42.375_1.875|layer3|50-50,42.375_1.875,layer3,50-50,2,1,0.11094228891696732,60.317012427176245
42.375_115.625|layer3|50-50,42.375_115.625,layer3,50-50,2,1,0.10484029194693573,20.139045038418086
42.375_115.875|layer3|50-50,42.375_115.875,layer3,50-50,2,1,0.11088008520384793,4.557756712209339
43.125_12.125|layer3|35-45,43.125_12.125,layer3,35-45,2,1,0.2659282415069888,6.785680393339884
43.375_12.125|layer3|35-45,43.375_12.125,layer3,35-45,2,1,0.2148281005718642,17.781671042201584
43.625_-113.875|layer3|50-50,43.625_-113.875,layer3,50-50,2,1,0.1541356001705944,34.91064697004995
43.625_-96.625|layer3|50-50,43.625_-96.625,layer3,50-50,2,1,0.3069348939868912,5.442651105967042
44.125_-110.625|layer3|50-50,44.125_-110.625,layer3,50-50,2,1,0.060894595284524525,62.879861627337874
44.625_-107.125|layer3|50-50,44.625_-107.125,layer3,50-50,3,2,0.161037756097561,2.669085995439295
44.625_8.625|layer3|40-40,44.625_8.625,layer3,40-40,2,1,0.23974690716561226,1.660938144166823
44.625_9.125|layer3|40-40,44.625_9.125,layer3,40-40,6,5,0.3447239991381168,8.844566677286496
45.125_7.125|layer3|40-40,45.125_7.125,layer3,40-40,2,1,0.1140005793573515,9.901267605748094
45.375_-74.875|layer3|50-50,45.375_-74.875,layer3,50-50,5,4,0.3685584886363636,11.073618494359728
45.375_-75.125|layer3|50-50,45.375_-75.125,layer3,50-50,6,5,0.3063105643250406,10.713915633237498
46.875_-121.625|layer3|50-50,46.875_-121.625,layer3,50-50,2,1,0.328536065573903,9.601790698350282
47.875_-117.125|layer3|50-50,47.875_-117.125,layer3,50-50,2,1,0.16291801632128616,18.238788025712076
48.125_15.125|layer3|50-50,48.125_15.125,layer3,50-50,9,8,0.34967611731843573,8.625362369636386
48.375_-105.125|layer3|50-50,48.375_-105.125,layer3,50-50,2,1,0.18086969917478973,24.521754071505296
48.625_-120.625|layer3|50-50,48.625_-120.625,layer3,50-50,2,1,0.13060489038871165,35.208038926582226
49.375_-97.875|layer3|50-50,49.375_-97.875,layer3,50-50,3,2,0.32269363341443635,2.2066610931110477
49.625_-97.875|layer3|50-50,49.625_-97.875,layer3,50-50,7,6,0.3695515114235501,20.605601704587624
49.625_-98.125|layer3|50-50,49.625_-98.125,layer3,50-50,8,7,0.2319223727856443,13.904224700251087
49.875_-97.375|layer3|50-50,49.875_-97.375,layer3,50-50,2,1,0.4568204936162654,2.586349112624713
49.875_-97.875|layer3|50-50,49.875_-97.875,layer3,50-50,3,2,0.4320337085020242,2.5574045219303367
50.125_-97.625|layer3|50-50,50.125_-97.625,layer3,50-50,3,2,0.37143222119815666,0.9061131751263237
50.625_6.375|layer3|50-50,50.625_6.375,layer3,50-50,2,1,0.2771911083738518,1.229121557086182
50.875_-2.625|layer3|50-50,50.875_-2.625,layer3,50-50,2,1,0.2922972820486046,4.365950212605628
50.875_6.375|layer3|50-50,50.875_6.375,layer3,50-50,6,5,0.2549851512287712,18.78483032560427
51.125_0.375|layer3|50-50,51.125_0.375,layer3,50-50,2,1,0.25339892331122205,26.659131953511757
51.125_6.125|layer3|50-50,51.125_6.125,layer3,50-50,2,1,0.23693879663961928,1.825576417598589
51.375_-106.375|layer3|50-50,51.375_-106.375,layer3,50-50,2,1,0.14350079064464646,15.788059588835454
51.375_-106.625|layer3|50-50,51.375_-106.625,layer3,50-50,2,1,0.14525592766287337,27.992252601800924
51.625_-1.375|layer3|50-50,51.625_-1.375,layer3,50-50,2,1,0.16609954097301952,40.80287719175394
51.625_0.375|layer3|50-50,51.625_0.375,layer3,50-50,2,1,0.25411890366834083,24.133322323920314
52.125_0.875|layer3|50-50,52.125_0.875,layer3,50-50,2,1,0.27567702763880475,3.3415604695741927
52.125_6.375|layer3|40-40,52.125_6.375,layer3,40-40,2,1,0.2725469323300657,8.625709002880077
52.125_6.625|layer3|40-40,52.125_6.625,layer3,40-40,2,1,0.17828050414887756,15.244438963863407
52.375_0.875|layer3|50-50,52.375_0.875,layer3,50-50,2,1,0.0354861998732987,3.117375449767628
52.375_13.375|layer3|45-45,52.375_13.375,layer3,45-45,3,2,0.1386159796027912,51.81199272025158
52.375_13.625|layer3|45-45,52.375_13.625,layer3,45-45,3,2,0.06818935416666666,131.44772154835704
52.375_6.875|layer3|40-40,52.375_6.875,layer3,40-40,4,3,0.24772225852337312,12.90106892703844
52.625_-0.875|layer3|50-50,52.625_-0.875,layer3,50-50,2,1,0.4319672128326043,2.9738880464890203
52.625_13.125|layer3|45-45,52.625_13.125,layer3,45-45,2,1,0.09824432186530477,19.807454303915957
52.625_13.375|layer3|45-45,52.625_13.375,layer3,45-45,2,1,0.14030506368681167,32.824404922468275
52.625_13.625|layer3|45-45,52.625_13.625,layer3,45-45,2,1,0.19357512808905447,13.272803185404419
53.625_22.875|layer3|50-50,53.625_22.875,layer3,50-50,2,1,0.47946827886710236,1.5969578500948383
53.875_-1.375|layer3|50-50,53.875_-1.375,layer3,50-50,2,1,0.2786868339177698,2.7080171989511572
53.875_12.125|layer3|50-50,53.875_12.125,layer3,50-50,2,1,0.2552178043319796,9.368399903205278
54.375_-6.125|layer3|50-50,54.375_-6.125,layer3,50-50,2,1,0.317774411192672,3.517498459834117
54.875_-6.125|layer3|50-50,54.875_-6.125,layer3,50-50,2,1,0.29529780036060727,5.868420842288206
60.625_-150.375|layer3|50-50,60.625_-150.375,layer3,50-50,2,1,0.233607850188645,0.6068822697770743
64.625_-148.375|layer3|50-50,64.625_-148.375,layer3,50-50,3,2,0.19042590189873418,47.987150277441714
67.375_26.625|layer3|40-40,67.375_26.625,layer3,40-40,3,2,0.08730934589220304,112.05626822442306
9.625_1.625|layer3|40-40,9.625_1.625,layer3,40-40,2,1,0.09250510689115925,5.338446366023993
9.875_1.625|layer3|40-40,9.875_1.625,layer3,40-40,2,1,0.2931245013605448,6.362553241459139
