key,grid,layer,depth_interval,overlap_corr_median,overlap_corr_mean,n_final_secondary_pairs,total_gapfilled_days
-1.375_35.125|layer1|10-10,-1.375_35.125,layer1,10-10,0.562158805459936,0.562158805459936,1,5
-10.625_-38.125|layer1|10-10,-10.625_-38.125,layer1,10-10,0.9133334173062784,0.9133334173062784,1,48
-10.625_-38.375|layer1|10-10,-10.625_-38.375,layer1,10-10,0.7000550407372923,0.7000550407372923,1,19
-11.375_-40.375|layer1|10-10,-11.375_-40.375,layer1,10-10,0.6981085188542222,0.6981085188542222,1,222
-12.625_-41.125|layer1|10-10,-12.625_-41.125,layer1,10-10,0.3705015948596822,0.3705015948596822,1,2
-13.375_-40.125|layer1|10-10,-13.375_-40.125,layer1,10-10,0.5826139986236542,0.5826139986236542,1,2
-13.375_-43.625|layer1|10-10,-13.375_-43.625,layer1,10-10,0.8422953188842708,0.8422953188842708,1,1
-13.625_-41.875|layer1|10-10,-13.625_-41.875,layer1,10-10,0.6378118180376944,0.6378118180376944,1,14
-14.375_-42.375|layer1|10-10,-14.375_-42.375,layer1,10-10,0.6674108011632782,0.6674108011632782,1,40
-14.625_-40.625|layer1|10-10,-14.625_-40.625,layer1,10-10,0.729670766800196,0.729670766800196,1,39
-15.125_-42.875|layer1|10-10,-15.125_-42.875,layer1,10-10,0.8860917478565434,0.8860917478565434,1,31
-3.625_-40.625|layer1|10-10,-3.625_-40.625,layer1,10-10,0.9478148467314428,0.9478148467314428,1,42
-3.875_-40.125|layer1|10-10,-3.875_-40.125,layer1,10-10,0.7786885121059939,0.7786885121059939,1,26
-32.125_150.375|layer1|0-5,-32.125_150.375,layer1,0-5,0.8125052100480167,0.8125052100480167,2,2
-34.625_146.125|layer1|0-5,-34.625_146.125,layer1,0-5,0.7273549417537922,0.7273549417537922,1,1337
-34.875_146.125|layer1|0-5,-34.875_146.125,layer1,0-5,0.8154346761431917,0.8154346761431917,1,425
-35.125_146.375|layer1|0-5,-35.125_146.375,layer1,0-5,0.652302000092908,0.652302000092908,1,670
-35.125_147.375|layer1|0-5,-35.125_147.375,layer1,0-5,0.4514440243078029,0.4514440243078029,1,616
-35.375_147.375|layer1|0-5,-35.375_147.375,layer1,0-5,0.7850556208910211,0.7850556208910211,2,774
-35.375_147.625|layer1|0-8,-35.375_147.625,layer1,0-8,0.8445713076873879,0.8367389930712388,4,318
-35.375_148.125|layer1|0-8,-35.375_148.125,layer1,0-8,0.9374856121990112,0.8975381905011452,4,823
-36.625_174.625|layer1|5-5,-36.625_174.625,layer1,5-5,0.7427550199050076,0.7589932947501982,3,21
-4.125_-39.375|layer1|10-10,-4.125_-39.375,layer1,10-10,0.7132211735819065,0.7132211735819065,1,6
-5.375_-39.625|layer1|10-10,-5.375_-39.625,layer1,10-10,0.8148658987146554,0.8148658987146554,1,25
-5.625_-39.125|layer1|10-10,-5.625_-39.125,layer1,10-10,0.7272511329778265,0.7272511329778265,1,15
-5.875_-37.625|layer1|10-10,-5.875_-37.625,layer1,10-10,0.6012541567447358,0.6012541567447358,1,23
-6.375_-39.375|layer1|10-10,-6.375_-39.375,layer1,10-10,0.7981663776116976,0.7981663776116976,1,6
-6.875_-38.875|layer1|10-10,-6.875_-38.875,layer1,10-10,0.8342463372251667,0.8342463372251667,1,22
-7.125_-39.375|layer1|10-10,-7.125_-39.375,layer1,10-10,0.7427822130235193,0.7427822130235193,1,10
-7.375_-38.125|layer1|10-10,-7.375_-38.125,layer1,10-10,0.3945599967359097,0.3945599967359097,1,47
-7.375_-38.875|layer1|10-10,-7.375_-38.875,layer1,10-10,0.7739646149859525,0.7739646149859525,1,4
-7.375_-41.875|layer1|10-10,-7.375_-41.875,layer1,10-10,0.8648183466993404,0.8648183466993404,1,8
-7.625_-37.375|layer1|10-10,-7.625_-37.375,layer1,10-10,0.5609098408106942,0.5609098408106942,1,62
-7.625_-38.375|layer1|10-10,-7.625_-38.375,layer1,10-10,0.7764192244625225,0.7764192244625225,1,35
-7.625_-39.625|layer1|10-10,-7.625_-39.625,layer1,10-10,0.5240112294548103,0.5240112294548103,1,8
-7.875_-35.875|layer1|10-10,-7.875_-35.875,layer1,10-10,0.6645476416711122,0.6645476416711122,1,20
-8.375_-36.625|layer1|10-10,-8.375_-36.625,layer1,10-10,0.867203380638619,0.867203380638619,1,129
-9.125_-36.625|layer1|10-10,-9.125_-36.625,layer1,10-10,0.5176409672551114,0.5176409672551114,1,26
-9.125_-37.375|layer1|10-10,-9.125_-37.375,layer1,10-10,0.7268745296753397,0.7268745296753397,1,97
-9.125_-38.125|layer1|10-10,-9.125_-38.125,layer1,10-10,0.4869184267260309,0.4869184267260309,1,16
-9.625_-37.375|layer1|10-10,-9.625_-37.375,layer1,10-10,0.8213873315513475,0.8213873315513475,1,4
13.625_2.625|layer1|5-5,13.625_2.625,layer1,5-5,0.8636939078894821,0.8791609022875359,3,103
17.375_96.375|layer1|1-10,17.375_96.375,layer1,1-10,0.8727364292437885,0.8727364292437885,2,202
17.375_96.625|layer1|1-10,17.375_96.625,layer1,1-10,0.9249648762438412,0.9249648762438412,1,16
18.125_-67.125|layer1|5-5,18.125_-67.125,layer1,5-5,0.7049190185178488,0.7049190185178488,1,643
19.875_-155.375|layer1|5-5,19.875_-155.375,layer1,5-5,0.5162629770804291,0.525021343250731,4,2102
19.875_-155.625|layer1|5-5,19.875_-155.625,layer1,5-5,0.4035636802811232,0.4035636802811232,1,120
20.125_-155.625|layer1|5-5,20.125_-155.625,layer1,5-5,0.6029680190146451,0.6029680190146451,2,37
30.125_-98.625|layer1|5-5,30.125_-98.625,layer1,5-5,0.8412766575163143,0.8412766575163143,2,14
30.125_-98.875|layer1|5-5,30.125_-98.875,layer1,5-5,0.8312135664138997,0.8312135664138997,1,3
30.375_-98.625|layer1|5-5,30.375_-98.625,layer1,5-5,0.8906804452205332,0.8906804452205332,1,1
30.375_-98.875|layer1|5-5,30.375_-98.875,layer1,5-5,0.9205718833666264,0.9205718833666264,1,2
31.125_91.625|layer1|0-5,31.125_91.625,layer1,0-5,0.8598596466646498,0.8598596466646498,2,10
31.125_92.125|layer1|0-5,31.125_92.125,layer1,0-5,0.762940971365831,0.762940971365831,2,96
31.375_91.875|layer1|5-5,31.375_91.875,layer1,5-5,0.757966591799142,0.7334380607654376,5,206
31.625_-109.875|layer1|5-5,31.625_-109.875,layer1,5-5,0.5884777372306491,0.5884777372306491,1,1
31.625_-110.125|layer1|5-5,31.625_-110.125,layer1,5-5,0.962092723944916,0.963283223199029,3,194
31.625_91.625|layer1|0-5,31.625_91.625,layer1,0-5,0.38689870678250193,0.38689870678250193,2,151
31.625_91.875|layer1|0-5,31.625_91.875,layer1,0-5,0.8993610282549889,0.8825635181019705,6,38
31.625_92.125|layer1|0-5,31.625_92.125,layer1,0-5,0.8166180949469806,0.8166180949469806,2,18
31.625_92.375|layer1|0-5,31.625_92.375,layer1,0-5,0.8320923055187217,0.8170601522240938,4,38
31.875_91.625|layer1|0-5,31.875_91.625,layer1,0-5,0.6496204572735862,0.6434007054243567,4,45
31.875_91.875|layer1|0-5,31.875_91.875,layer1,0-5,0.7547743047858491,0.7547743047858491,2,6
32.375_80.125|layer1|5-5,32.375_80.125,layer1,5-5,0.8504802729849121,0.8504802729849121,2,98
32.625_-106.625|layer1|5-5,32.625_-106.625,layer1,5-5,0.8491353847665898,0.8277868234871394,3,234
32.625_-106.875|layer1|5-5,32.625_-106.875,layer1,5-5,0.7921654036515569,0.7921654036515569,2,362
32.625_79.875|layer1|5-5,32.625_79.875,layer1,5-5,0.6334979959165897,0.6651504502335704,5,27
33.375_79.625|layer1|5-5,33.375_79.625,layer1,5-5,0.7694594210771882,0.7694594210771882,2,161
33.625_101.875|layer1|5-5,33.625_101.875,layer1,5-5,0.6641803785056224,0.6641803785056224,2,20
33.625_102.125|layer1|5-5,33.625_102.125,layer1,5-5,0.5331443072422397,0.5331443072422397,2,450
33.625_102.375|layer1|5-5,33.625_102.375,layer1,5-5,0.3451563336175484,0.3451563336175484,1,245
33.875_-83.375|layer1|5-5,33.875_-83.375,layer1,5-5,0.7830392685569418,0.7765450349362695,3,1618
33.875_102.125|layer1|5-5,33.875_102.125,layer1,5-5,0.8109906124337727,0.8197308371398256,4,133
33.875_102.625|layer1|5-5,33.875_102.625,layer1,5-5,0.6988453184640842,0.6988453184640842,2,313
34.125_101.875|layer1|5-5,34.125_101.875,layer1,5-5,0.7582147496924325,0.7582147496924325,1,352
34.875_-111.625|layer1|5-5,34.875_-111.625,layer1,5-5,0.6762807878900348,0.6900102968851713,4,1603
34.875_-86.625|layer1|5-5,34.875_-86.625,layer1,5-5,0.7402501725694288,0.7361327360731611,4,2963
34.875_-98.125|layer1|5-5,34.875_-98.125,layer1,5-5,0.8258247829916422,0.8258247829916422,1,17
35.375_-82.625|layer1|5-5,35.375_-82.625,layer1,5-5,0.8045379496923137,0.8045379496923137,1,2
35.375_-98.875|layer1|5-5,35.375_-98.875,layer1,5-5,0.938702621115976,0.938702621115976,1,145
35.625_-96.125|layer1|2-2,35.625_-96.125,layer1,2-2,0.8950119960504879,0.8950119960504879,2,29
35.625_-96.875|layer1|5-5,35.625_-96.875,layer1,5-5,0.9267805998292084,0.9267805998292084,1,257
35.625_-98.125|layer1|5-5,35.625_-98.125,layer1,5-5,0.4232167216543362,0.4232167216543362,1,1442
35.875_-97.125|layer1|5-5,35.875_-97.125,layer1,5-5,0.9509792297774986,0.9509792297774986,2,35
35.875_-98.125|layer1|5-5,35.875_-98.125,layer1,5-5,0.969000006297547,0.969000006297547,2,10
36.125_-105.625|layer1|5-5,36.125_-105.625,layer1,5-5,0.5596362832871546,0.5596362832871546,2,157
36.125_-106.875|layer1|5-5,36.125_-106.875,layer1,5-5,0.704723369276616,0.704723369276616,1,60
36.125_-115.625|layer1|5-5,36.125_-115.625,layer1,5-5,0.7358880629894986,0.7358880629894986,2,1613
36.125_-97.125|layer1|5-5,36.125_-97.125,layer1,5-5,0.8803207886720886,0.8803207886720886,1,37
36.125_-97.625|layer1|5-5,36.125_-97.625,layer1,5-5,0.9518775663042052,0.9518775663042052,2,11
36.125_-98.625|layer1|4-4,36.125_-98.625,layer1,4-4,0.8266248152520971,0.7721821131499232,5,81
36.125_-99.125|layer1|5-5,36.125_-99.125,layer1,5-5,0.9447374928020452,0.9447374928020452,1,14
36.375_-115.625|layer1|5-5,36.375_-115.625,layer1,5-5,0.6235824695764463,0.6879981582001927,3,837
36.375_-115.875|layer1|5-5,36.375_-115.875,layer1,5-5,0.8408141424209474,0.8408141424209474,2,1005
36.375_-97.125|layer1|5-5,36.375_-97.125,layer1,5-5,0.9726223820350388,0.9726223820350388,2,22
36.375_-97.875|layer1|5-5,36.375_-97.875,layer1,5-5,0.9055525451611696,0.9055525451611696,1,1
36.625_-101.625|layer1|5-5,36.625_-101.625,layer1,5-5,0.8699956576667686,0.8699956576667686,1,643
36.625_-97.375|layer1|5-5,36.625_-97.375,layer1,5-5,0.7215705061242275,0.7215705061242275,1,228
36.875_-96.375|layer1|5-5,36.875_-96.375,layer1,5-5,0.9352341203985136,0.9352341203985136,1,55
36.875_-97.125|layer1|5-5,36.875_-97.125,layer1,5-5,0.8365151337302303,0.8365151337302303,2,24
36.875_-97.875|layer1|5-5,36.875_-97.875,layer1,5-5,0.954851841831631,0.954851841831631,2,32
36.875_-98.375|layer1|5-5,36.875_-98.375,layer1,5-5,0.943158717320617,0.943158717320617,1,120
37.125_-105.125|layer1|5-5,37.125_-105.125,layer1,5-5,0.4307390200100632,0.4307390200100632,1,47
37.125_-105.875|layer1|5-5,37.125_-105.875,layer1,5-5,0.8434452780191197,0.8508763043576443,4,20
37.125_-95.875|layer1|5-5,37.125_-95.875,layer1,5-5,0.8855714071646221,0.8855714071646221,1,42
37.125_-97.375|layer1|5-5,37.125_-97.375,layer1,5-5,0.9636316039934334,0.9636316039934334,1,233
37.125_-97.875|layer1|5-5,37.125_-97.875,layer1,5-5,0.919359829702264,0.919359829702264,2,44
37.125_-98.125|layer1|5-5,37.125_-98.125,layer1,5-5,0.9337283724744974,0.9337283724744974,2,6
37.125_127.625|layer1|10-10,37.125_127.625,layer1,10-10,0.7757304878295803,0.7757304878295803,1,6
37.375_-106.875|layer1|5-5,37.375_-106.875,layer1,5-5,0.7017789873082391,0.7017789873082391,1,6
37.375_-112.625|layer1|5-5,37.375_-112.625,layer1,5-5,0.6794480263550092,0.6794480263550092,2,514
37.375_-113.875|layer1|5-5,37.375_-113.875,layer1,5-5,0.7742621140394095,0.7742621140394095,2,798
37.375_-96.125|layer1|5-5,37.375_-96.125,layer1,5-5,0.9621404044247136,0.9621404044247136,1,12
37.375_-99.375|layer1|5-5,37.375_-99.375,layer1,5-5,0.9810426527842396,0.9810426527842396,1,7
37.625_-112.625|layer1|5-5,37.625_-112.625,layer1,5-5,0.6050414558094575,0.6050414558094575,2,381
37.625_-112.875|layer1|5-5,37.625_-112.875,layer1,5-5,0.6402391088607924,0.6466764210023397,5,153
37.875_-109.375|layer1|5-5,37.875_-109.375,layer1,5-5,0.7933367047707213,0.7933367047707213,1,126
37.875_-111.875|layer1|5-5,37.875_-111.875,layer1,5-5,0.883330093741054,0.883330093741054,1,46
37.875_-97.125|layer1|5-5,37.875_-97.125,layer1,5-5,0.8797213577250905,0.8797213577250905,1,127
37.875_-98.375|layer1|5-5,37.875_-98.375,layer1,5-5,0.8803717133993517,0.8803717133993517,1,15
38.125_-111.375|layer1|5-5,38.125_-111.375,layer1,5-5,0.5701983624941239,0.5701983624941239,1,416
38.125_-119.125|layer1|5-5,38.125_-119.125,layer1,5-5,0.4399890924649559,0.4399890924649559,1,14
38.125_-120.875|layer1|5-5,38.125_-120.875,layer1,5-5,0.9743266377849732,0.96985424244248,7,176
38.125_-95.625|layer1|5-5,38.125_-95.625,layer1,5-5,0.9144223422660236,0.9144223422660236,1,54
38.125_-97.625|layer1|5-5,38.125_-97.625,layer1,5-5,0.9313008953656066,0.9313008953656066,1,14
38.125_-99.375|layer1|5-5,38.125_-99.375,layer1,5-5,0.958916395743858,0.958916395743858,1,18
38.375_-109.375|layer1|5-5,38.375_-109.375,layer1,5-5,0.8416754283530218,0.8416754283530218,2,208
38.375_-112.375|layer1|5-5,38.375_-112.375,layer1,5-5,0.4735981613191431,0.5094258644013598,5,415
38.375_-119.375|layer1|5-5,38.375_-119.375,layer1,5-5,0.8530372650693919,0.8530372650693919,1,28
38.375_-119.625|layer1|5-5,38.375_-119.625,layer1,5-5,0.7089314487379955,0.7059616092828973,4,137
38.375_-120.875|layer1|5-5,38.375_-120.875,layer1,5-5,0.9598248348882028,0.9600784886696522,5,83
38.375_-97.375|layer1|5-5,38.375_-97.375,layer1,5-5,0.9267270821191576,0.9267270821191576,1,4
38.625_-119.625|layer1|5-5,38.625_-119.625,layer1,5-5,0.4703430841664953,0.4703430841664953,2,143
38.625_-119.875|layer1|5-5,38.625_-119.875,layer1,5-5,0.7459485845173488,0.6782404224225609,5,280
38.625_-92.125|layer1|5-5,38.625_-92.125,layer1,5-5,0.8572798419360512,0.8572798419360512,2,272
38.625_102.875|layer1|5-5,38.625_102.875,layer1,5-5,0.6657126034945732,0.629026167868612,3,4
38.875_-106.625|layer1|5-5,38.875_-106.625,layer1,5-5,0.544042291260229,0.544042291260229,2,28
38.875_-111.625|layer1|5-5,38.875_-111.625,layer1,5-5,0.6078047465819977,0.6786268215928493,3,70
38.875_-112.125|layer1|5-5,38.875_-112.125,layer1,5-5,0.7866176726983514,0.7866176726983514,1,68
38.875_-119.875|layer1|5-5,38.875_-119.875,layer1,5-5,0.3117498817107668,0.3117498817107668,1,158
38.875_-120.125|layer1|5-5,38.875_-120.125,layer1,5-5,0.7801406658364602,0.7225408855302922,4,278
39.125_-106.875|layer1|5-5,39.125_-106.875,layer1,5-5,0.7805704903134414,0.751824005306249,5,140
39.125_-111.375|layer1|5-5,39.125_-111.375,layer1,5-5,0.7709604671822889,0.7234126801497777,3,359
39.125_-111.625|layer1|5-5,39.125_-111.625,layer1,5-5,0.6339749495182257,0.6220464823191205,4,165
39.125_-120.125|layer1|5-5,39.125_-120.125,layer1,5-5,0.8227421892929576,0.8227421892929576,1,35
39.125_-123.125|layer1|5-5,39.125_-123.125,layer1,5-5,0.9565429815811848,0.9565429815811848,1,34
39.375_-106.125|layer1|5-5,39.375_-106.125,layer1,5-5,0.5114418900652001,0.5755693614986741,6,519
39.375_-111.375|layer1|5-5,39.375_-111.375,layer1,5-5,0.7508225335845178,0.781080255181847,6,294
39.375_-111.625|layer1|5-5,39.375_-111.625,layer1,5-5,0.5584713199215169,0.5584713199215169,1,579
39.375_-114.625|layer1|5-5,39.375_-114.625,layer1,5-5,0.61965193158451,0.61965193158451,1,1
39.375_-119.875|layer1|5-5,39.375_-119.875,layer1,5-5,0.7607185371684786,0.7607185371684786,1,156
39.375_-120.375|layer1|5-5,39.375_-120.375,layer1,5-5,0.6187260763800364,0.6187260763800364,2,17
39.375_-123.125|layer1|5-5,39.375_-123.125,layer1,5-5,0.9212813985741758,0.9212813985741758,1,30
39.625_-1.375|layer1|0-5,39.625_-1.375,layer1,0-5,0.5616328178094038,0.5616328178094038,1,113
39.625_-105.875|layer1|5-5,39.625_-105.875,layer1,5-5,0.6009855059472602,0.6009855059472602,1,185
39.625_-110.375|layer1|5-5,39.625_-110.375,layer1,5-5,0.8681814070637289,0.8681814070637289,2,101
39.625_-111.375|layer1|5-5,39.625_-111.375,layer1,5-5,0.8612846906568802,0.8965719903588093,3,261
39.875_-105.875|layer1|5-5,39.875_-105.875,layer1,5-5,0.6575498220777839,0.6575498220777839,1,597
39.875_-111.375|layer1|5-5,39.875_-111.375,layer1,5-5,0.855927388042072,0.8501521805987826,3,550
39.875_-111.625|layer1|5-5,39.875_-111.625,layer1,5-5,0.8241337224206863,0.8241337224206863,2,48
40.125_-105.625|layer1|5-5,40.125_-105.625,layer1,5-5,0.7301789509516856,0.7301789509516856,2,1081
40.125_-105.875|layer1|5-5,40.125_-105.875,layer1,5-5,0.3709244995564447,0.3709244995564447,1,64
40.375_-111.125|layer1|5-5,40.375_-111.125,layer1,5-5,0.8237843830851901,0.8237843830851901,1,23
40.375_-111.625|layer1|5-5,40.375_-111.625,layer1,5-5,0.8355163689453626,0.8355163689453626,1,51
40.375_-115.625|layer1|5-5,40.375_-115.625,layer1,5-5,0.7685782471757888,0.7685782471757888,1,5
40.625_-109.625|layer1|5-5,40.625_-109.625,layer1,5-5,0.7996522297210583,0.7996522297210583,1,284
40.625_-110.375|layer1|5-5,40.625_-110.375,layer1,5-5,0.482426572316896,0.482426572316896,2,37
40.625_-110.625|layer1|5-5,40.625_-110.625,layer1,5-5,0.6255293521240688,0.5888952692153896,4,27
40.625_-111.125|layer1|5-5,40.625_-111.125,layer1,5-5,0.8787964596951428,0.8787964596951428,2,5
40.625_-111.625|layer1|5-5,40.625_-111.625,layer1,5-5,0.8570216647888691,0.8328016660717913,8,283
40.625_-115.375|layer1|5-5,40.625_-115.375,layer1,5-5,0.7659963255734329,0.7659963255734329,1,29
40.625_-120.625|layer1|5-5,40.625_-120.625,layer1,5-5,0.408097868245045,0.408097868245045,1,125
40.875_-104.625|layer1|5-5,40.875_-104.625,layer1,5-5,0.854035595566085,0.854035595566085,2,1948
40.875_-106.625|layer1|5-5,40.875_-106.625,layer1,5-5,0.864998851556819,0.864998851556819,2,672
40.875_-110.125|layer1|5-5,40.875_-110.125,layer1,5-5,0.606126898972194,0.6215299187485903,4,339
40.875_-110.625|layer1|5-5,40.875_-110.625,layer1,5-5,0.5326366049694283,0.5174715208968695,3,63
40.875_-110.875|layer1|5-5,40.875_-110.875,layer1,5-5,0.7227261980972731,0.7763897417392076,5,55
40.875_-111.125|layer1|5-5,40.875_-111.125,layer1,5-5,0.7302117195089283,0.7550360040573784,3,300
40.875_-111.625|layer1|5-5,40.875_-111.625,layer1,5-5,0.7769340039888454,0.7394234348596264,5,695
40.875_-111.875|layer1|5-5,40.875_-111.875,layer1,5-5,0.867734083395185,0.8351539042115818,6,216
40.875_-115.125|layer1|5-5,40.875_-115.125,layer1,5-5,0.778779556171808,0.7173654414000508,3,61
40.875_25.875|layer1|0-10,40.875_25.875,layer1,0-10,0.9674661754916778,0.967972506294577,6,63
41.125_-111.375|layer1|5-5,41.125_-111.375,layer1,5-5,0.769450442546688,0.769450442546688,1,32
41.125_-5.375|layer1|0-5,41.125_-5.375,layer1,0-5,0.7814103276486795,0.7425822428362555,3,189
41.375_-111.375|layer1|5-5,41.375_-111.375,layer1,5-5,0.8288797877231259,0.8365362523668416,5,370
41.375_-111.875|layer1|5-5,41.375_-111.875,layer1,5-5,0.9032308974838026,0.9032308974838026,1,5
41.375_-5.125|layer1|0-5,41.375_-5.125,layer1,0-5,0.719591888348194,0.719591888348194,2,104
41.375_-5.375|layer1|0-5,41.375_-5.375,layer1,0-5,0.7631192820159827,0.7573123955142766,3,47
41.375_-5.625|layer1|0-5,41.375_-5.625,layer1,0-5,0.6963159885186129,0.6963159885186129,1,46
41.375_-71.625|layer1|5-5,41.375_-71.625,layer1,5-5,0.9007769698475832,0.9007769698475832,1,198
41.625_-115.375|layer1|5-5,41.625_-115.375,layer1,5-5,0.5745769640659951,0.5745769640659951,1,52
41.625_-116.125|layer1|5-5,41.625_-116.125,layer1,5-5,0.8585190307676399,0.8585190307676399,1,93
41.625_-117.625|layer1|5-5,41.625_-117.625,layer1,5-5,0.4998761292906767,0.4998761292906767,1,476
41.875_-111.625|layer1|5-5,41.875_-111.625,layer1,5-5,0.7525834153684426,0.7596547455914471,4,37
41.875_-115.125|layer1|5-5,41.875_-115.125,layer1,5-5,0.7218374238761341,0.7218374238761341,1,892
41.875_-116.125|layer1|5-5,41.875_-116.125,layer1,5-5,0.6508297395485566,0.6508297395485566,1,50
41.875_1.625|layer1|5-5,41.875_1.625,layer1,5-5,0.8390662707281423,0.8390662707281423,1,2
41.875_115.625|layer1|5-5,41.875_115.625,layer1,5-5,0.8874839281910304,0.8821756854543783,4,6
41.875_116.375|layer1|5-5,41.875_116.375,layer1,5-5,0.7823868339080592,0.7823868339080592,1,3
42.125_0.875|layer1|5-5,42.125_0.875,layer1,5-5,0.7975673600992121,0.7975673600992121,2,8
42.125_1.125|layer1|5-5,42.125_1.125,layer1,5-5,0.8256660640299932,0.8256660640299932,1,2
42.125_115.875|layer1|5-5,42.125_115.875,layer1,5-5,0.8475953585578702,0.8475953585578702,1,6
42.125_116.125|layer1|5-5,42.125_116.125,layer1,5-5,0.7627375075052685,0.7627375075052685,2,4
42.375_-83.625|layer1|10-10,42.375_-83.625,layer1,10-10,0.8851655120937358,0.8851655120937358,2,46
42.375_1.875|layer1|5-5,42.375_1.875,layer1,5-5,0.752604012883588,0.752604012883588,1,3
42.375_115.625|layer1|5-5,42.375_115.625,layer1,5-5,0.632039526150419,0.632039526150419,1,4
42.375_116.125|layer1|5-5,42.375_116.125,layer1,5-5,0.5989219026339574,0.5989219026339574,1,1
42.625_-109.375|layer1|5-5,42.625_-109.375,layer1,5-5,0.526888970682464,0.526888970682464,1,288
43.125_-70.875|layer1|5-5,43.125_-70.875,layer1,5-5,0.9087240898592668,0.9087240898592668,1,37
43.125_12.375|layer1|5-5,43.125_12.375,layer1,5-5,0.9320112772683926,0.9320112772683926,1,29
43.375_3.375|layer1|5-5,43.375_3.375,layer1,5-5,0.6306184290282574,0.6306184290282574,1,301
43.625_-113.875|layer1|5-5,43.625_-113.875,layer1,5-5,0.6611242117704045,0.6611242117704045,2,856
43.625_-96.625|layer1|5-5,43.625_-96.625,layer1,5-5,0.7471833263272579,0.7471833263272579,1,1757
43.875_-0.125|layer1|5-5,43.875_-0.125,layer1,5-5,0.9999946430524708,0.9999946430524708,1,2751
44.125_-110.625|layer1|5-5,44.125_-110.625,layer1,5-5,0.5144556819858797,0.5144556819858797,1,587
44.375_-0.875|layer1|5-5,44.375_-0.875,layer1,5-5,0.8681718340597447,0.8681718340597447,1,656
44.625_4.125|layer1|5-5,44.625_4.125,layer1,5-5,0.7066554977511545,0.7066554977511545,2,310
44.625_8.625|layer1|10-10,44.625_8.625,layer1,10-10,0.8433971957638795,0.7829362077338384,4,348
45.125_7.125|layer1|10-10,45.125_7.125,layer1,10-10,0.7632087830436289,0.7632087830436289,1,13
45.375_-74.875|layer1|5-5,45.375_-74.875,layer1,5-5,0.625557601330076,0.6917340114590085,7,55
45.375_-75.125|layer1|5-5,45.375_-75.125,layer1,5-5,0.6581486624690586,0.7323554079264593,5,78
46.875_-121.625|layer1|5-5,46.875_-121.625,layer1,5-5,0.946636721150812,0.946636721150812,1,54
47.875_-117.125|layer1|5-5,47.875_-117.125,layer1,5-5,0.7859123633684103,0.7859123633684103,1,351
47.875_20.625|layer1|0-10,47.875_20.625,layer1,0-10,0.7150117306908597,0.719640610434823,5,69
48.125_15.125|layer1|5-5,48.125_15.125,layer1,5-5,0.7418493181946526,0.7631434322981824,7,87
48.125_15.875|layer1|0-10,48.125_15.875,layer1,0-10,0.7774796816526358,0.7774796816526358,1,2
48.125_20.875|layer1|0-10,48.125_20.875,layer1,0-10,0.8150464089122138,0.7650127822661862,4,80
48.375_-105.125|layer1|5-5,48.375_-105.125,layer1,5-5,0.8146138209000777,0.8146138209000777,1,56
48.375_12.375|layer1|5-5,48.375_12.375,layer1,5-5,0.7999188286218031,0.7999188286218031,1,105
48.375_12.625|layer1|5-5,48.375_12.625,layer1,5-5,0.7963930487216114,0.8169872291349322,3,170
48.375_12.875|layer1|5-5,48.375_12.875,layer1,5-5,0.8785844078993342,0.8785844078993342,1,28
48.375_21.125|layer1|0-10,48.375_21.125,layer1,0-10,0.6622053503945757,0.6622053503945757,1,33
48.625_-120.625|layer1|5-5,48.625_-120.625,layer1,5-5,0.6867379322745099,0.6867379322745099,1,8
48.625_12.875|layer1|5-5,48.625_12.875,layer1,5-5,0.9222363831852736,0.9222363831852736,1,16
49.375_-97.875|layer1|5-5,49.375_-97.875,layer1,5-5,0.5779351690285129,0.5779351690285129,2,11
49.625_-97.875|layer1|5-5,49.625_-97.875,layer1,5-5,0.6375204638026248,0.6380167451199007,8,52
49.625_-98.125|layer1|5-5,49.625_-98.125,layer1,5-5,0.5432193374649814,0.5807988116904433,6,117
49.875_-97.375|layer1|5-5,49.875_-97.375,layer1,5-5,0.7128658784898603,0.7128658784898603,2,3
49.875_-97.875|layer1|5-5,49.875_-97.875,layer1,5-5,0.929902245346938,0.929902245346938,2,4
50.125_-5.125|layer1|10-10,50.125_-5.125,layer1,10-10,0.8261126405175222,0.8261126405175222,1,26
50.125_-97.625|layer1|5-5,50.125_-97.625,layer1,5-5,0.6576889185240862,0.6737795940064887,3,16
50.625_6.375|layer1|5-5,50.625_6.375,layer1,5-5,0.9076360145542433,0.9076360145542433,2,84
50.875_-2.625|layer1|5-5,50.875_-2.625,layer1,5-5,0.8442079054368862,0.8442079054368862,1,17
50.875_-3.875|layer1|10-10,50.875_-3.875,layer1,10-10,0.9356752668426106,0.9356752668426106,1,34
50.875_0.125|layer1|10-10,50.875_0.125,layer1,10-10,0.905019496019684,0.905019496019684,1,2
50.875_6.375|layer1|5-5,50.875_6.375,layer1,5-5,0.7750493806165561,0.7630856979942116,5,333
51.125_-0.875|layer1|10-10,51.125_-0.875,layer1,10-10,0.5811951172408589,0.5811951172408589,1,82
51.125_0.375|layer1|5-5,51.125_0.375,layer1,5-5,0.91805961032364,0.91805961032364,1,55
51.125_6.125|layer1|5-5,51.125_6.125,layer1,5-5,0.9012340011343736,0.9012340011343736,1,150
51.375_-0.625|layer1|10-10,51.375_-0.625,layer1,10-10,0.7822513733614916,0.7822513733614916,1,34
51.375_-106.375|layer1|5-5,51.375_-106.375,layer1,5-5,0.8688599425270614,0.8688599425270614,2,12
51.375_-106.625|layer1|5-5,51.375_-106.625,layer1,5-5,0.9106809103532088,0.9106809103532088,2,10
51.375_0.375|layer1|10-10,51.375_0.375,layer1,10-10,0.8868833672483549,0.8868833672483549,1,41
51.375_23.125|layer1|10-10,51.375_23.125,layer1,10-10,0.6776300595746403,0.6622130560754542,3,175
51.625_-1.375|layer1|5-5,51.625_-1.375,layer1,5-5,0.897803261876128,0.897803261876128,1,3
51.625_0.375|layer1|5-5,51.625_0.375,layer1,5-5,0.9714844278107848,0.9714844278107848,1,4
51.875_-0.375|layer1|10-10,51.875_-0.375,layer1,10-10,0.9103528787661292,0.9103528787661292,1,62
51.875_-0.875|layer1|5-5,51.875_-0.875,layer1,5-5,0.9656125259820132,0.9656125259820132,1,1
51.875_-1.375|layer1|10-10,51.875_-1.375,layer1,10-10,0.7685420078925417,0.7685420078925417,1,46
51.875_-4.625|layer1|5-5,51.875_-4.625,layer1,5-5,0.9052201035518976,0.9052201035518976,1,47
52.125_-1.625|layer1|5-5,52.125_-1.625,layer1,5-5,0.9171853995689608,0.9171853995689608,1,2
52.125_0.875|layer1|5-5,52.125_0.875,layer1,5-5,0.7825124013620227,0.7825124013620227,1,46
52.125_6.625|layer1|5-5,52.125_6.625,layer1,5-5,0.6752504591625514,0.6619271221052758,5,2075
52.375_-3.875|layer1|10-10,52.375_-3.875,layer1,10-10,0.941776776905896,0.941776776905896,1,1
52.375_-4.125|layer1|5-5,52.375_-4.125,layer1,5-5,0.7775230982948913,0.7775230982948913,1,96
52.375_13.375|layer1|5-5,52.375_13.375,layer1,5-5,0.708425388445235,0.639796990076559,4,30
52.375_13.625|layer1|5-5,52.375_13.625,layer1,5-5,0.773686096290815,0.773686096290815,2,64
52.375_6.375|layer1|5-5,52.375_6.375,layer1,5-5,0.6039107196935274,0.6039107196935274,1,189
52.375_6.625|layer1|5-5,52.375_6.625,layer1,5-5,0.831011475429168,0.7734854743531616,5,638
52.375_6.875|layer1|5-5,52.375_6.875,layer1,5-5,0.8238377299365437,0.8267331706344981,5,1662
52.625_-0.875|layer1|5-5,52.625_-0.875,layer1,5-5,0.7748098208587583,0.7748098208587583,1,4
52.625_-1.125|layer1|10-10,52.625_-1.125,layer1,10-10,0.8674097615861005,0.8674097615861005,1,46
52.625_1.125|layer1|10-10,52.625_1.125,layer1,10-10,0.9737204842278072,0.9737204842278072,1,102
52.625_13.125|layer1|5-5,52.625_13.125,layer1,5-5,0.8694865380601838,0.8694865380601838,1,24
52.625_13.375|layer1|5-5,52.625_13.375,layer1,5-5,0.7758911111110107,0.7758911111110107,2,19
52.625_13.625|layer1|5-5,52.625_13.625,layer1,5-5,0.9133315808511118,0.9133315808511118,1,2
52.875_-1.125|layer1|10-10,52.875_-1.125,layer1,10-10,0.7986330798544437,0.7986330798544437,1,13
53.125_-2.625|layer1|10-10,53.125_-2.625,layer1,10-10,0.8708712584012456,0.8708712584012456,1,54
53.125_-4.125|layer1|10-10,53.125_-4.125,layer1,10-10,0.8582850670407759,0.8582850670407759,1,1
53.375_-0.625|layer1|5-5,53.375_-0.625,layer1,5-5,0.8174917483353742,0.8174917483353742,1,28
53.375_-1.875|layer1|0-10,53.375_-1.875,layer1,0-10,0.47639682346877366,0.47639682346877366,2,15
53.625_22.875|layer1|5-5,53.625_22.875,layer1,5-5,0.8201805298542802,0.7341538048019048,7,67
53.875_-1.375|layer1|5-5,53.875_-1.375,layer1,5-5,0.9255723984022342,0.9255723984022342,1,29
54.125_-0.875|layer1|10-10,54.125_-0.875,layer1,10-10,0.6998873398348248,0.6998873398348248,1,43
54.125_-2.375|layer1|10-10,54.125_-2.375,layer1,10-10,0.9445658978327736,0.9445658978327736,1,16
54.375_-6.125|layer1|5-5,54.375_-6.125,layer1,5-5,0.9457681412033104,0.9457681412033104,1,30
54.875_-6.125|layer1|5-5,54.875_-6.125,layer1,5-5,0.7107023500896823,0.7107023500896823,1,69
55.125_-1.625|layer1|10-10,55.125_-1.625,layer1,10-10,0.8770329866293285,0.8770329866293285,1,66
55.375_-2.125|layer1|10-10,55.375_-2.125,layer1,10-10,0.9693477452211904,0.9693477452211904,1,18
55.875_-3.875|layer1|10-10,55.875_-3.875,layer1,10-10,0.8085510893414812,0.8085510893414812,1,104
55.875_8.875|layer1|0-5,55.875_8.875,layer1,0-5,0.5391260627853383,0.5391260627853383,2,211
55.875_9.125|layer1|0-5,55.875_9.125,layer1,0-5,0.6782481947788022,0.5918555038897886,3,16
55.875_9.375|layer1|0-5,55.875_9.375,layer1,0-5,0.6763662451511205,0.6763662451511205,2,227
56.125_9.125|layer1|0-5,56.125_9.125,layer1,0-5,0.6448076326277778,0.6860809147075285,7,43
56.125_9.375|layer1|0-5,56.125_9.375,layer1,0-5,0.7588699552449756,0.7588699552449756,2,95
56.375_-3.125|layer1|10-10,56.375_-3.125,layer1,10-10,0.9516041458732526,0.9516041458732526,1,4
56.375_32.875|layer1|5-5,56.375_32.875,layer1,5-5,0.7386029494118145,0.6960699122143755,4,63
56.875_-2.625|layer1|10-10,56.875_-2.625,layer1,10-10,0.7127469956505483,0.7127469956505483,1,466
60.625_-150.375|layer1|5-5,60.625_-150.375,layer1,5-5,0.6016427737075641,0.6016427737075641,1,864
64.625_-148.125|layer1|5-5,64.625_-148.125,layer1,5-5,0.6869105480694029,0.6869105480694029,2,12
64.625_-148.375|layer1|5-5,64.625_-148.375,layer1,5-5,0.8227513259056949,0.8227513259056949,2,64
65.125_-147.625|layer1|10-10,65.125_-147.625,layer1,10-10,0.5459551941599089,0.5965182520495138,3,69
67.375_26.625|layer1|5-5,67.375_26.625,layer1,5-5,0.7260230174495175,0.7451717660235744,4,136
68.375_27.625|layer1|5-5,68.375_27.625,layer1,5-5,0.7542225605608959,0.7542225605608959,2,263
9.625_1.625|layer1|5-5,9.625_1.625,layer1,5-5,0.9625935074823844,0.9625935074823844,1,93
9.875_1.625|layer1|5-5,9.875_1.625,layer1,5-5,0.9772308391797409,0.9772308391797409,1,215
-0.875_31.375|layer2|30-30,-0.875_31.375,layer2,30-30,0.6761707080260554,0.6761707080260554,1,84
-1.625_29.625|layer2|20-20,-1.625_29.625,layer2,20-20,0.8058636626251746,0.8058636626251746,1,188
-10.625_-38.125|layer2|20-20,-10.625_-38.125,layer2,20-20,0.7125230075994998,0.7125230075994998,1,94
-11.375_-40.375|layer2|20-20,-11.375_-40.375,layer2,20-20,0.878228493004322,0.878228493004322,1,73
-13.375_-43.625|layer2|20-20,-13.375_-43.625,layer2,20-20,0.739165050639287,0.739165050639287,1,28
-13.625_-41.875|layer2|20-20,-13.625_-41.875,layer2,20-20,0.673269233235407,0.673269233235407,1,14
-14.375_-42.375|layer2|20-20,-14.375_-42.375,layer2,20-20,0.6386668373355118,0.6386668373355118,1,234
-14.625_-40.625|layer2|20-20,-14.625_-40.625,layer2,20-20,0.4407404774856979,0.4407404774856979,1,281
-15.125_-42.875|layer2|20-20,-15.125_-42.875,layer2,20-20,0.8486916731660302,0.8486916731660302,1,31
-3.625_-40.625|layer2|20-20,-3.625_-40.625,layer2,20-20,0.8221529688733169,0.8221529688733169,1,42
-36.625_174.625|layer2|20-20,-36.625_174.625,layer2,20-20,0.8528767502524519,0.8528767502524519,2,20
-4.125_-39.375|layer2|20-20,-4.125_-39.375,layer2,20-20,0.4490250713608492,0.4490250713608492,1,19
-5.375_-39.625|layer2|20-20,-5.375_-39.625,layer2,20-20,0.3447409019776562,0.3447409019776562,1,101
-5.625_-39.125|layer2|20-20,-5.625_-39.125,layer2,20-20,0.5611297495614757,0.5611297495614757,1,15
-5.875_-37.625|layer2|20-20,-5.875_-37.625,layer2,20-20,0.7467511549827259,0.7467511549827259,1,23
-6.375_-39.375|layer2|20-20,-6.375_-39.375,layer2,20-20,0.6455259322173922,0.6455259322173922,1,6
-6.625_-38.375|layer2|20-20,-6.625_-38.375,layer2,20-20,0.7104945476010616,0.7104945476010616,1,18
-6.875_-38.875|layer2|20-20,-6.875_-38.875,layer2,20-20,0.6773876052859218,0.6773876052859218,1,30
-7.375_-38.875|layer2|20-20,-7.375_-38.875,layer2,20-20,0.5202320957239681,0.5202320957239681,1,21
-7.375_-41.875|layer2|20-20,-7.375_-41.875,layer2,20-20,0.907027040909509,0.907027040909509,1,8
-7.625_-38.375|layer2|20-20,-7.625_-38.375,layer2,20-20,0.6078488803127785,0.6078488803127785,1,36
-7.625_-39.625|layer2|20-20,-7.625_-39.625,layer2,20-20,0.6283614960125992,0.6283614960125992,1,18
-7.875_-35.875|layer2|20-20,-7.875_-35.875,layer2,20-20,0.6185791602975272,0.6185791602975272,1,32
-7.875_-41.875|layer2|20-20,-7.875_-41.875,layer2,20-20,0.8453528890892487,0.8453528890892487,1,19
-9.125_-36.625|layer2|20-20,-9.125_-36.625,layer2,20-20,0.6144777277788234,0.6144777277788234,1,26
-9.125_-37.375|layer2|20-20,-9.125_-37.375,layer2,20-20,0.67358005951136,0.67358005951136,1,97
-9.125_-38.125|layer2|20-20,-9.125_-38.125,layer2,20-20,0.6092602047473606,0.6092602047473606,1,11
-9.625_-37.375|layer2|20-20,-9.625_-37.375,layer2,20-20,0.7060272723110714,0.7060272723110714,1,19
0.375_32.625|layer2|20-20,0.375_32.625,layer2,20-20,0.5382093847332374,0.5382093847332374,1,7
17.375_96.375|layer2|20-20,17.375_96.375,layer2,20-20,0.9015985431305655,0.9183224079667397,4,218
17.375_96.625|layer2|20-20,17.375_96.625,layer2,20-20,0.9406309629967176,0.9406309629967176,1,21
19.875_-155.625|layer2|30-30,19.875_-155.625,layer2,30-30,0.3931858977718614,0.3931858977718614,1,119
20.125_-155.625|layer2|30-30,20.125_-155.625,layer2,30-30,0.6604915417258599,0.6604915417258599,1,14
31.125_91.875|layer2|20-20,31.125_91.875,layer2,20-20,0.6322288738357207,0.6322288738357207,1,570
31.125_92.375|layer2|20-20,31.125_92.375,layer2,20-20,0.7875790738950603,0.7875790738950603,1,146
31.375_91.875|layer2|20-20,31.375_91.875,layer2,20-20,0.8478073429865495,0.8398147348040758,3,595
31.375_92.125|layer2|20-20,31.375_92.125,layer2,20-20,0.673955523172538,0.673955523172538,1,362
31.625_-109.875|layer2|15-15,31.625_-109.875,layer2,15-15,0.8794039225561796,0.8794039225561796,1,1
31.625_91.625|layer2|20-20,31.625_91.625,layer2,20-20,0.6469953063951368,0.6469953063951368,2,206
31.625_91.875|layer2|20-20,31.625_91.875,layer2,20-20,0.6411575643278268,0.6411575643278268,1,1
31.625_92.125|layer2|20-20,31.625_92.125,layer2,20-20,0.789320364059082,0.789320364059082,1,9
31.625_92.375|layer2|20-20,31.625_92.375,layer2,20-20,0.8952662514365922,0.8952662514365922,1,4
31.875_91.625|layer2|20-20,31.875_91.625,layer2,20-20,0.7511535665857841,0.6830370068189172,3,12
31.875_91.875|layer2|20-20,31.875_91.875,layer2,20-20,0.5647460321380471,0.5647460321380471,1,1
32.375_80.125|layer2|20-20,32.375_80.125,layer2,20-20,0.8511873698846868,0.8511873698846868,2,284
32.625_-106.625|layer2|20-20,32.625_-106.625,layer2,20-20,0.6230943904227356,0.6230943904227356,2,250
32.625_-106.875|layer2|20-20,32.625_-106.875,layer2,20-20,0.9191399602411628,0.9191399602411628,2,260
32.625_79.875|layer2|20-20,32.625_79.875,layer2,20-20,0.7278135371298352,0.7390720052918134,4,130
33.375_79.625|layer2|20-20,33.375_79.625,layer2,20-20,0.6157563535750876,0.6157563535750876,1,178
33.625_101.875|layer2|20-20,33.625_101.875,layer2,20-20,0.6343977446471869,0.6343977446471869,2,175
33.625_102.125|layer2|20-20,33.625_102.125,layer2,20-20,0.3765602453367295,0.3765602453367295,1,161
33.875_-83.375|layer2|20-20,33.875_-83.375,layer2,20-20,0.8047180827132393,0.7503320834613413,3,1452
33.875_102.125|layer2|20-20,33.875_102.125,layer2,20-20,0.8456051775723102,0.8456051775723102,2,359
33.875_102.625|layer2|20-20,33.875_102.625,layer2,20-20,0.6196884145562287,0.6196884145562287,1,189
34.125_101.875|layer2|20-20,34.125_101.875,layer2,20-20,0.9608733270198312,0.9608733270198312,1,349
34.375_-111.375|layer2|20-20,34.375_-111.375,layer2,20-20,0.45136305709723135,0.45136305709723135,2,1261
34.875_-111.625|layer2|20-20,34.875_-111.625,layer2,20-20,0.309140469223018,0.4620994378940941,3,1320
34.875_-86.625|layer2|20-20,34.875_-86.625,layer2,20-20,0.5743723261815807,0.5605143566686684,4,1808
34.875_-98.125|layer2|15-15,34.875_-98.125,layer2,15-15,0.9675967950739424,0.9675967950739424,1,2
35.375_-82.625|layer2|20-20,35.375_-82.625,layer2,20-20,0.7237728776710308,0.7237728776710308,1,9
35.375_-98.875|layer2|15-15,35.375_-98.875,layer2,15-15,0.8656633844059093,0.8656633844059093,1,78
35.625_-96.875|layer2|25-25,35.625_-96.875,layer2,25-25,0.9347992335566008,0.9347992335566008,1,264
35.875_-97.125|layer2|20-20,35.875_-97.125,layer2,20-20,0.9198540142416064,0.9198540142416064,2,58
35.875_-98.125|layer2|20-20,35.875_-98.125,layer2,20-20,0.9289152124495248,0.9289152124495248,2,19
36.125_-105.625|layer2|20-20,36.125_-105.625,layer2,20-20,0.6495034000733563,0.6495034000733563,1,94
36.125_-106.875|layer2|20-20,36.125_-106.875,layer2,20-20,0.639184890094614,0.639184890094614,1,55
36.125_-115.625|layer2|20-20,36.125_-115.625,layer2,20-20,0.5161682571230144,0.5161682571230144,2,1676
36.125_-97.125|layer2|20-20,36.125_-97.125,layer2,20-20,0.8407419021645779,0.8407419021645779,1,91
36.125_-97.625|layer2|20-20,36.125_-97.625,layer2,20-20,0.7584421507828838,0.7584421507828838,2,70
36.125_-98.625|layer2|13-13,36.125_-98.625,layer2,13-13,0.7945731785886487,0.7328428909488514,6,134
36.125_-99.125|layer2|25-25,36.125_-99.125,layer2,25-25,0.9669503807763048,0.9669503807763048,1,1
36.375_-115.625|layer2|20-20,36.375_-115.625,layer2,20-20,0.4183966832887574,0.4116040533166769,3,1566
36.375_-115.875|layer2|20-20,36.375_-115.875,layer2,20-20,0.6114691225597335,0.6114691225597335,2,851
36.375_-96.875|layer2|20-20,36.375_-96.875,layer2,20-20,0.8674747217915236,0.8674747217915236,2,17
36.375_-97.125|layer2|20-20,36.375_-97.125,layer2,20-20,0.9522034664356548,0.9522034664356548,1,2
36.375_-97.875|layer2|20-20,36.375_-97.875,layer2,20-20,0.8265908323768648,0.8265908323768648,1,93
36.625_-101.625|layer2|20-20,36.625_-101.625,layer2,20-20,0.8081380086204867,0.8081380086204867,1,632
36.625_-105.375|layer2|20-20,36.625_-105.375,layer2,20-20,0.478975373448442,0.478975373448442,1,244
36.625_-97.375|layer2|20-20,36.625_-97.375,layer2,20-20,0.8554326412925877,0.8554326412925877,2,12
36.875_-96.375|layer2|20-20,36.875_-96.375,layer2,20-20,0.9555134617582479,0.9555134617582479,2,32
36.875_-97.125|layer2|20-20,36.875_-97.125,layer2,20-20,0.8382828492098161,0.8382828492098161,2,33
36.875_-97.875|layer2|20-20,36.875_-97.875,layer2,20-20,0.8887401371841217,0.8887401371841217,2,27
36.875_-98.375|layer2|20-20,36.875_-98.375,layer2,20-20,0.9618444669365243,0.9618444669365243,2,23
37.125_-105.125|layer2|20-20,37.125_-105.125,layer2,20-20,0.5907636904997511,0.5907636904997511,2,146
37.125_-105.875|layer2|20-20,37.125_-105.875,layer2,20-20,0.7756724364480618,0.7756724364480618,2,7
37.125_-95.875|layer2|25-25,37.125_-95.875,layer2,25-25,0.8791634123045701,0.8791634123045701,1,115
37.125_-97.875|layer2|20-20,37.125_-97.875,layer2,20-20,0.738865854473681,0.738865854473681,2,250
37.125_-98.125|layer2|20-20,37.125_-98.125,layer2,20-20,0.8937393933333485,0.8937393933333485,2,3
37.125_127.625|layer2|30-30,37.125_127.625,layer2,30-30,0.8352293873785765,0.8352293873785765,1,6
37.375_-112.625|layer2|20-20,37.375_-112.625,layer2,20-20,0.5764875707708903,0.5764875707708903,2,35
37.375_-113.875|layer2|20-20,37.375_-113.875,layer2,20-20,0.5764995371821834,0.5764995371821834,1,201
37.375_-96.125|layer2|15-15,37.375_-96.125,layer2,15-15,0.9401818062677796,0.9401818062677796,1,112
37.375_-99.375|layer2|25-25,37.375_-99.375,layer2,25-25,0.9264927818602262,0.9264927818602262,1,4
37.375_126.875|layer2|20-20,37.375_126.875,layer2,20-20,0.84538694192137,0.84538694192137,1,4
37.625_-112.625|layer2|20-20,37.625_-112.625,layer2,20-20,0.6982624764011951,0.6982624764011951,2,364
37.625_-112.875|layer2|20-20,37.625_-112.875,layer2,20-20,0.5495382842222101,0.5696163539847178,5,206
37.875_-108.125|layer2|20-20,37.875_-108.125,layer2,20-20,0.6781070365958234,0.6781070365958234,1,148
37.875_-109.375|layer2|20-20,37.875_-109.375,layer2,20-20,0.6028172623607195,0.6028172623607195,1,15
37.875_-111.875|layer2|20-20,37.875_-111.875,layer2,20-20,0.8449020222641076,0.8449020222641076,1,8
37.875_-97.125|layer2|25-25,37.875_-97.125,layer2,25-25,0.9344539450402538,0.9344539450402538,1,219
37.875_-98.375|layer2|15-15,37.875_-98.375,layer2,15-15,0.9712510602993644,0.9712510602993644,1,36
38.125_-111.375|layer2|20-20,38.125_-111.375,layer2,20-20,0.5285984416822171,0.5285984416822171,1,14
38.125_-119.125|layer2|20-20,38.125_-119.125,layer2,20-20,0.7333388062577122,0.7333388062577122,1,13
38.125_-120.875|layer2|20-20,38.125_-120.875,layer2,20-20,0.870249113575653,0.7975445463252083,11,171
38.125_-121.625|layer2|20-20,38.125_-121.625,layer2,20-20,0.3764745804296636,0.3764745804296636,1,436
38.125_-95.625|layer2|25-25,38.125_-95.625,layer2,25-25,0.9088178354506804,0.9088178354506804,1,150
38.125_-97.625|layer2|15-15,38.125_-97.625,layer2,15-15,0.9256963139273802,0.9256963139273802,1,142
38.125_-99.375|layer2|15-15,38.125_-99.375,layer2,15-15,0.9156449917626424,0.9156449917626424,1,29
38.375_-109.375|layer2|20-20,38.375_-109.375,layer2,20-20,0.5820471641121427,0.5820471641121427,2,46
38.375_-112.375|layer2|20-20,38.375_-112.375,layer2,20-20,0.6310604738201842,0.6271329633177012,4,313
38.375_-119.375|layer2|20-20,38.375_-119.375,layer2,20-20,0.9408494443966626,0.9408494443966626,1,16
38.375_-119.625|layer2|20-20,38.375_-119.625,layer2,20-20,0.4759361895687544,0.5865651912620169,3,23
38.375_-120.875|layer2|20-20,38.375_-120.875,layer2,20-20,0.8884674383461845,0.8884674383461845,1,162
38.375_-97.375|layer2|15-15,38.375_-97.375,layer2,15-15,0.9302788064703112,0.9302788064703112,1,2
38.625_-119.625|layer2|20-20,38.625_-119.625,layer2,20-20,0.6076553803762071,0.6076553803762071,1,40
38.625_-119.875|layer2|20-20,38.625_-119.875,layer2,20-20,0.6618475543503515,0.6502259438743347,5,319
38.625_-120.875|layer2|15-15,38.625_-120.875,layer2,15-15,0.8350450917135788,0.8552611904543205,6,123
38.625_-92.125|layer2|20-20,38.625_-92.125,layer2,20-20,0.9128264914454072,0.9128264914454072,1,130
38.875_-106.625|layer2|20-20,38.875_-106.625,layer2,20-20,0.6525262016171389,0.6031389295669097,3,73
38.875_-111.625|layer2|20-20,38.875_-111.625,layer2,20-20,0.8197243116204629,0.7930330065103207,3,569
38.875_-112.125|layer2|20-20,38.875_-112.125,layer2,20-20,0.8138613361341638,0.8138613361341638,2,1036
38.875_-119.875|layer2|20-20,38.875_-119.875,layer2,20-20,0.7245734779744686,0.7245734779744686,1,51
38.875_-120.125|layer2|20-20,38.875_-120.125,layer2,20-20,0.7355158309404772,0.7020412892849874,3,43
39.125_-106.875|layer2|20-20,39.125_-106.875,layer2,20-20,0.7882409945044317,0.7440892185327208,5,111
39.125_-111.375|layer2|20-20,39.125_-111.375,layer2,20-20,0.5968801900261171,0.6049379505010286,4,319
39.125_-111.625|layer2|20-20,39.125_-111.625,layer2,20-20,0.6755749084937632,0.6556061018713942,5,198
39.125_-120.125|layer2|20-20,39.125_-120.125,layer2,20-20,0.7278627547856303,0.7278627547856303,1,23
39.125_-123.125|layer2|20-20,39.125_-123.125,layer2,20-20,0.6712447382879279,0.6712447382879279,2,86
39.375_-106.125|layer2|20-20,39.375_-106.125,layer2,20-20,0.771576318818905,0.7780824781712147,3,258
39.375_-106.625|layer2|20-20,39.375_-106.625,layer2,20-20,0.7401288640301412,0.7401288640301412,1,1
39.375_-111.375|layer2|20-20,39.375_-111.375,layer2,20-20,0.7368737598356431,0.7258485795262011,4,116
39.375_-111.625|layer2|20-20,39.375_-111.625,layer2,20-20,0.350419115999808,0.350419115999808,1,63
39.375_-119.875|layer2|20-20,39.375_-119.875,layer2,20-20,0.6047059971779392,0.6047059971779392,2,189
39.375_-120.375|layer2|20-20,39.375_-120.375,layer2,20-20,0.8475846875573976,0.7809140204153727,6,59
39.375_-123.125|layer2|20-20,39.375_-123.125,layer2,20-20,0.929688860368119,0.929688860368119,1,32
39.625_-105.875|layer2|20-20,39.625_-105.875,layer2,20-20,0.4550772586065403,0.4550772586065403,1,42
39.625_-110.375|layer2|20-20,39.625_-110.375,layer2,20-20,0.8010532850187444,0.8010532850187444,2,123
39.625_-111.375|layer2|20-20,39.625_-111.375,layer2,20-20,0.690394796526282,0.690394796526282,2,265
39.625_16.125|layer2|30-30,39.625_16.125,layer2,30-30,0.7471720490680327,0.7471720490680327,2,10
39.875_-111.375|layer2|20-20,39.875_-111.375,layer2,20-20,0.9336236832020032,0.9336236832020032,1,44
39.875_-111.625|layer2|20-20,39.875_-111.625,layer2,20-20,0.9046550720422832,0.9046550720422832,1,34
40.125_-105.625|layer2|20-20,40.125_-105.625,layer2,20-20,0.5634008669728824,0.5634008669728824,1,3
40.375_-111.625|layer2|20-20,40.375_-111.625,layer2,20-20,0.8914511320494327,0.8914511320494327,2,718
40.375_-115.625|layer2|20-20,40.375_-115.625,layer2,20-20,0.8301486865590324,0.8301486865590324,2,4
40.625_-109.625|layer2|20-20,40.625_-109.625,layer2,20-20,0.7099423735799336,0.7099423735799336,1,6
40.625_-110.375|layer2|20-20,40.625_-110.375,layer2,20-20,0.46900627153832897,0.46900627153832897,2,21
40.625_-110.625|layer2|20-20,40.625_-110.625,layer2,20-20,0.46486902544580333,0.46486902544580333,2,19
40.625_-111.125|layer2|20-20,40.625_-111.125,layer2,20-20,0.796942289157944,0.796942289157944,1,102
40.625_-111.625|layer2|20-20,40.625_-111.625,layer2,20-20,0.8108408046947977,0.813070943054206,6,450
40.625_-115.375|layer2|20-20,40.625_-115.375,layer2,20-20,0.7457843859259724,0.7457843859259724,1,18
40.625_-120.625|layer2|20-20,40.625_-120.625,layer2,20-20,0.4354837465563895,0.4354837465563895,1,579
40.875_-104.625|layer2|20-20,40.875_-104.625,layer2,20-20,0.7777868858100678,0.7777868858100678,2,1930
40.875_-106.625|layer2|20-20,40.875_-106.625,layer2,20-20,0.6238469486111795,0.6238469486111795,1,409
40.875_-110.125|layer2|20-20,40.875_-110.125,layer2,20-20,0.8030359465374463,0.7805165066705935,3,281
40.875_-110.625|layer2|20-20,40.875_-110.625,layer2,20-20,0.4471146393350181,0.4471146393350181,2,16
40.875_-110.875|layer2|20-20,40.875_-110.875,layer2,20-20,0.8780993397969833,0.8780993397969833,2,24
40.875_-111.125|layer2|20-20,40.875_-111.125,layer2,20-20,0.6865004280486664,0.6865004280486664,2,71
40.875_-111.625|layer2|20-20,40.875_-111.625,layer2,20-20,0.4179818574544928,0.4300153152094258,8,955
40.875_-111.875|layer2|20-20,40.875_-111.875,layer2,20-20,0.8621653965270588,0.851044685017419,6,157
40.875_-115.125|layer2|20-20,40.875_-115.125,layer2,20-20,0.9008687475782644,0.901279221795305,3,38
41.125_-111.375|layer2|20-20,41.125_-111.375,layer2,20-20,0.697961038211484,0.697961038211484,2,61
41.375_-111.375|layer2|20-20,41.375_-111.375,layer2,20-20,0.867381817661841,0.8810697462717552,3,339
41.375_-111.875|layer2|20-20,41.375_-111.875,layer2,20-20,0.8452928987994178,0.8419119648694832,5,421
41.375_-71.625|layer2|20-20,41.375_-71.625,layer2,20-20,0.959488843482246,0.959488843482246,1,170
41.625_-115.375|layer2|20-20,41.625_-115.375,layer2,20-20,0.6437701473637233,0.6437701473637233,1,15
41.625_-116.125|layer2|20-20,41.625_-116.125,layer2,20-20,0.9012388781355096,0.9012388781355096,1,10
41.625_-117.625|layer2|20-20,41.625_-117.625,layer2,20-20,0.5102305787084337,0.5102305787084337,1,53
41.875_-111.625|layer2|20-20,41.875_-111.625,layer2,20-20,0.8297257399419227,0.7907880402699172,4,26
41.875_-113.375|layer2|20-20,41.875_-113.375,layer2,20-20,0.3632993025233262,0.4038878374565535,3,862
41.875_-115.125|layer2|20-20,41.875_-115.125,layer2,20-20,0.7326169912056063,0.7326169912056063,1,794
41.875_-116.125|layer2|20-20,41.875_-116.125,layer2,20-20,0.8960516906488831,0.8960516906488831,2,150
41.875_115.625|layer2|20-20,41.875_115.625,layer2,20-20,0.867575674860171,0.867575674860171,2,6
42.125_0.875|layer2|20-20,42.125_0.875,layer2,20-20,0.8003373937458926,0.7862955096492724,3,15
42.125_1.125|layer2|20-20,42.125_1.125,layer2,20-20,0.6192148640341476,0.6192148640341476,1,5
42.125_116.125|layer2|20-20,42.125_116.125,layer2,20-20,0.6850866584946298,0.6850866584946298,1,1
42.375_-83.625|layer2|30-30,42.375_-83.625,layer2,30-30,0.8010836295802022,0.8010836295802022,2,45
42.375_1.875|layer2|20-20,42.375_1.875,layer2,20-20,0.8093076565309912,0.8093076565309912,1,1
42.375_115.625|layer2|20-20,42.375_115.625,layer2,20-20,0.7649911877039811,0.7649911877039811,1,2
42.625_-109.375|layer2|20-20,42.625_-109.375,layer2,20-20,0.4874929656556936,0.4874929656556936,1,744
43.125_12.125|layer2|15-25,43.125_12.125,layer2,15-25,0.9712499425502444,0.9712499425502444,1,1
43.375_12.125|layer2|15-25,43.375_12.125,layer2,15-25,0.7156555391405446,0.7156555391405446,1,83
43.375_3.375|layer2|20-20,43.375_3.375,layer2,20-20,0.47149107591425843,0.47149107591425843,2,210
43.625_-113.875|layer2|20-20,43.625_-113.875,layer2,20-20,0.8257892329133552,0.8257892329133552,2,513
43.625_-96.625|layer2|20-20,43.625_-96.625,layer2,20-20,0.8592944589660543,0.8592944589660543,1,1700
44.125_-110.625|layer2|20-20,44.125_-110.625,layer2,20-20,0.7698667657802909,0.7698667657802909,1,292
44.625_4.125|layer2|20-20,44.625_4.125,layer2,20-20,0.6542447158297596,0.6542447158297596,2,288
44.625_8.625|layer2|20-20,44.625_8.625,layer2,20-20,0.8067758898295642,0.7636828783135817,4,280
45.125_7.125|layer2|20-20,45.125_7.125,layer2,20-20,0.8475632915488693,0.8475632915488693,1,19
45.375_-74.875|layer2|20-20,45.375_-74.875,layer2,20-20,0.5842200962562707,0.6657431484764625,6,60
45.375_-75.125|layer2|20-20,45.375_-75.125,layer2,20-20,0.7138982877446756,0.6807551463841774,4,190
46.875_-121.625|layer2|20-20,46.875_-121.625,layer2,20-20,0.933737001459398,0.933737001459398,1,61
46.875_15.875|layer2|20-20,46.875_15.875,layer2,20-20,0.5694515768782544,0.5726851452308636,9,320
46.875_16.125|layer2|20-20,46.875_16.125,layer2,20-20,0.7812020571166086,0.7533697648623607,3,1558
47.875_-117.125|layer2|20-20,47.875_-117.125,layer2,20-20,0.7012580405765362,0.7012580405765362,1,255
48.125_15.125|layer2|20-20,48.125_15.125,layer2,20-20,0.8310726626134697,0.8316223470659466,10,170
48.375_-105.125|layer2|20-20,48.375_-105.125,layer2,20-20,0.7278929091278337,0.7278929091278337,1,351
48.625_-120.625|layer2|20-20,48.625_-120.625,layer2,20-20,0.9328252607712596,0.9328252607712596,1,19
49.375_-97.875|layer2|20-20,49.375_-97.875,layer2,20-20,0.8435447178926617,0.8435447178926617,2,20
49.625_-97.875|layer2|20-20,49.625_-97.875,layer2,20-20,0.4684178919245536,0.5093694585323056,4,43
49.625_-98.125|layer2|20-20,49.625_-98.125,layer2,20-20,0.8866226599130529,0.8046636568842161,7,123
49.875_-97.375|layer2|20-20,49.875_-97.375,layer2,20-20,0.8631386895298616,0.8631386895298616,2,8
49.875_-97.875|layer2|20-20,49.875_-97.875,layer2,20-20,0.9173149478735072,0.9173149478735072,1,1
50.125_-97.625|layer2|20-20,50.125_-97.625,layer2,20-20,0.6758618121909371,0.7496598128838993,3,17
50.875_-2.625|layer2|15-15,50.875_-2.625,layer2,15-15,0.9063523943487368,0.9063523943487368,1,226
50.875_6.375|layer2|20-20,50.875_6.375,layer2,20-20,0.6839108803971444,0.7732248061035341,5,326
51.125_6.125|layer2|20-20,51.125_6.125,layer2,20-20,0.8880142465725606,0.8880142465725606,1,28
51.375_-106.375|layer2|20-20,51.375_-106.375,layer2,20-20,0.8157140822114576,0.8157140822114576,1,15
51.375_-106.625|layer2|20-20,51.375_-106.625,layer2,20-20,0.9021480614691192,0.9021480614691192,2,11
51.625_-1.375|layer2|15-15,51.625_-1.375,layer2,15-15,0.8347902920363268,0.8347902920363268,1,4
51.625_0.375|layer2|15-15,51.625_0.375,layer2,15-15,0.9367045519516718,0.9367045519516718,1,9
52.125_0.875|layer2|25-25,52.125_0.875,layer2,25-25,0.9685873838595576,0.9685873838595576,1,8
52.125_6.375|layer2|20-20,52.125_6.375,layer2,20-20,0.778175066672711,0.778175066672711,2,926
52.125_6.625|layer2|20-20,52.125_6.625,layer2,20-20,0.7819041836088193,0.7817667247323085,3,1903
52.375_13.375|layer2|25-25,52.375_13.375,layer2,25-25,0.4422480435540264,0.4422480435540264,1,29
52.375_13.625|layer2|15-15,52.375_13.625,layer2,15-15,0.8359430978541643,0.8359430978541643,2,74
52.375_6.375|layer2|20-20,52.375_6.375,layer2,20-20,0.6177817084492523,0.6177817084492523,2,109
52.375_6.625|layer2|20-20,52.375_6.625,layer2,20-20,0.7001826634816288,0.7001826634816288,1,236
52.375_6.875|layer2|20-20,52.375_6.875,layer2,20-20,0.7516930622424425,0.7510944848807596,4,1107
52.625_-0.875|layer2|15-15,52.625_-0.875,layer2,15-15,0.9164498004422454,0.9164498004422454,1,23
52.625_13.125|layer2|25-25,52.625_13.125,layer2,25-25,0.9145743395321948,0.9145743395321948,1,21
52.625_13.375|layer2|25-25,52.625_13.375,layer2,25-25,0.7233257461395528,0.7233257461395528,2,13
52.625_13.625|layer2|15-15,52.625_13.625,layer2,15-15,0.9308214689902552,0.9308214689902552,1,6
53.375_-0.625|layer2|25-25,53.375_-0.625,layer2,25-25,0.8351274780268962,0.8351274780268962,1,1
53.625_22.875|layer2|20-20,53.625_22.875,layer2,20-20,0.8385304480710353,0.8385304480710353,2,77
53.875_-1.375|layer2|25-25,53.875_-1.375,layer2,25-25,0.9333189481980848,0.9333189481980848,1,3
54.375_-6.125|layer2|25-25,54.375_-6.125,layer2,25-25,0.8673902889168363,0.8673902889168363,1,65
54.375_-7.375|layer2|25-25,54.375_-7.375,layer2,25-25,0.9405272525225544,0.9405272525225544,1,15
54.875_-6.125|layer2|15-15,54.875_-6.125,layer2,15-15,0.7373288140322694,0.7373288140322694,1,4
55.875_8.875|layer2|20-25,55.875_8.875,layer2,20-25,0.6074200167038428,0.611033069618397,4,331
55.875_9.125|layer2|20-25,55.875_9.125,layer2,20-25,0.6698825587744103,0.7007685052266482,3,113
55.875_9.375|layer2|20-25,55.875_9.375,layer2,20-25,0.7268719480881843,0.7268719480881843,2,255
56.125_9.125|layer2|20-25,56.125_9.125,layer2,20-25,0.759853730571878,0.6732235624944578,5,123
56.375_32.875|layer2|15-15,56.375_32.875,layer2,15-15,0.6198823526045182,0.6198823526045182,1,25
6.125_-0.375|layer2|30-30,6.125_-0.375,layer2,30-30,0.4082006280008491,0.4082006280008491,1,48
60.625_-150.375|layer2|20-20,60.625_-150.375,layer2,20-20,0.4729345708394943,0.4729345708394943,2,747
64.625_-148.125|layer2|20-20,64.625_-148.125,layer2,20-20,0.3893691504195292,0.3893691504195292,1,68
64.625_-148.375|layer2|20-20,64.625_-148.375,layer2,20-20,0.747494994354939,0.747494994354939,2,80
65.125_-147.625|layer2|20-20,65.125_-147.625,layer2,20-20,0.7843875172210516,0.7843875172210516,1,144
67.375_26.625|layer2|20-20,67.375_26.625,layer2,20-20,0.507141129220742,0.5403182647554711,3,116
9.625_1.625|layer2|20-20,9.625_1.625,layer2,20-20,0.936976861978268,0.936976861978268,1,155
9.875_1.625|layer2|20-20,9.875_1.625,layer2,20-20,0.971448312466292,0.971448312466292,1,159
-40.875_175.875|layer3|37-43,-40.875_175.875,layer3,37-43,0.902134050846772,0.902134050846772,1,1
18.125_-67.125|layer3|50-50,18.125_-67.125,layer3,50-50,0.3163640359993006,0.3163640359993006,1,774
19.875_-155.375|layer3|50-50,19.875_-155.375,layer3,50-50,0.4662859837112948,0.4662859837112948,1,913
19.875_-155.625|layer3|50-50,19.875_-155.625,layer3,50-50,0.513952731681115,0.513952731681115,1,717
31.125_91.875|layer3|40-40,31.125_91.875,layer3,40-40,0.5739748399940773,0.5739748399940773,1,427
31.125_92.125|layer3|40-40,31.125_92.125,layer3,40-40,0.8243491370821869,0.8243491370821869,1,3
31.125_92.375|layer3|40-40,31.125_92.375,layer3,40-40,0.5336183422932259,0.5336183422932259,1,156
31.375_91.875|layer3|40-40,31.375_91.875,layer3,40-40,0.6311278444152657,0.5529135284296903,5,298
31.375_92.125|layer3|40-40,31.375_92.125,layer3,40-40,0.7685761042979677,0.7685761042979677,1,353
31.625_-110.125|layer3|50-50,31.625_-110.125,layer3,50-50,0.4920440644629662,0.5177319357300485,3,195
31.625_91.625|layer3|40-40,31.625_91.625,layer3,40-40,0.5177318175435448,0.5177318175435448,2,275
31.625_91.875|layer3|40-40,31.625_91.875,layer3,40-40,0.62519032242112,0.62519032242112,2,6
31.625_92.125|layer3|40-40,31.625_92.125,layer3,40-40,0.5806699683346594,0.5806699683346594,2,8
31.625_92.375|layer3|40-40,31.625_92.375,layer3,40-40,0.7839409106628428,0.7702537301761044,3,10
31.875_91.625|layer3|40-40,31.875_91.625,layer3,40-40,0.39201514710410235,0.39201514710410235,2,16
31.875_91.875|layer3|40-40,31.875_91.875,layer3,40-40,0.408059161254748,0.408059161254748,1,4
32.375_80.125|layer3|40-40,32.375_80.125,layer3,40-40,0.8722812777283152,0.8722812777283152,2,40
32.625_-106.625|layer3|50-50,32.625_-106.625,layer3,50-50,0.7419229618354117,0.7419229618354117,2,181
32.625_79.875|layer3|40-40,32.625_79.875,layer3,40-40,0.6108434077992142,0.6108434077992142,2,7
32.625_80.125|layer3|40-40,32.625_80.125,layer3,40-40,0.8459848292999106,0.8459848292999106,1,209
33.375_79.625|layer3|40-40,33.375_79.625,layer3,40-40,0.6645313010263634,0.6645313010263634,1,129
33.875_-83.375|layer3|50-50,33.875_-83.375,layer3,50-50,0.5848941340297034,0.6043570245208392,3,1430
33.875_102.125|layer3|40-40,33.875_102.125,layer3,40-40,0.8529814385556802,0.8709052097563473,3,419
34.375_-111.375|layer3|50-50,34.375_-111.375,layer3,50-50,0.4571146093530032,0.4571146093530032,1,599
34.875_-111.625|layer3|50-50,34.875_-111.625,layer3,50-50,0.5367137063279566,0.5367137063279566,2,685
34.875_-86.625|layer3|50-50,34.875_-86.625,layer3,50-50,0.5390677453482342,0.5528153360771542,5,2471
34.875_-98.125|layer3|35-35,34.875_-98.125,layer3,35-35,0.9672654857235612,0.9672654857235612,1,7
35.375_-82.625|layer3|50-50,35.375_-82.625,layer3,50-50,0.6583680600293462,0.6583680600293462,1,12
35.375_-98.875|layer3|35-35,35.375_-98.875,layer3,35-35,0.9202914438631428,0.9202914438631428,1,85
35.625_-96.875|layer3|35-35,35.625_-96.875,layer3,35-35,0.981493207551908,0.981493207551908,1,144
35.625_-98.125|layer3|35-35,35.625_-98.125,layer3,35-35,0.8899179521616492,0.8899179521616492,1,650
35.875_-97.125|layer3|50-50,35.875_-97.125,layer3,50-50,0.9447180197365088,0.9447180197365088,2,177
36.125_-105.625|layer3|50-50,36.125_-105.625,layer3,50-50,0.5341540514207987,0.5341540514207987,2,237
36.125_-106.875|layer3|50-50,36.125_-106.875,layer3,50-50,0.3989469540727349,0.3989469540727349,1,67
36.125_-97.125|layer3|50-50,36.125_-97.125,layer3,50-50,0.6201769917098982,0.6201769917098982,1,20
36.125_-97.625|layer3|50-50,36.125_-97.625,layer3,50-50,0.793461814180575,0.793461814180575,2,52
36.125_-99.125|layer3|35-35,36.125_-99.125,layer3,35-35,0.981032534250113,0.981032534250113,1,7
36.375_-115.625|layer3|50-50,36.375_-115.625,layer3,50-50,0.4082638578651735,0.417140374193471,3,1620
36.375_-115.875|layer3|50-50,36.375_-115.875,layer3,50-50,0.5487885649169973,0.5487885649169973,1,190
36.375_-96.875|layer3|50-50,36.375_-96.875,layer3,50-50,0.7062399354572387,0.7062399354572387,2,10
36.375_-97.125|layer3|50-50,36.375_-97.125,layer3,50-50,0.8539280232400297,0.8539280232400297,2,9
36.375_-97.875|layer3|50-50,36.375_-97.875,layer3,50-50,0.5439983031795509,0.5439983031795509,1,3
36.625_-101.625|layer3|50-50,36.625_-101.625,layer3,50-50,0.7355196195200545,0.7355196195200545,1,646
36.625_-97.375|layer3|35-35,36.625_-97.375,layer3,35-35,0.9399683113996568,0.9399683113996568,1,137
36.875_-96.375|layer3|35-35,36.875_-96.375,layer3,35-35,0.9699152427652784,0.9699152427652784,1,60
36.875_-97.125|layer3|50-50,36.875_-97.125,layer3,50-50,0.5073032049960823,0.5073032049960823,2,244
36.875_-97.875|layer3|50-50,36.875_-97.875,layer3,50-50,0.7961684962443176,0.7961684962443176,2,58
36.875_-98.375|layer3|35-35,36.875_-98.375,layer3,35-35,0.9267273997644312,0.9267273997644312,1,391
37.125_-105.125|layer3|50-50,37.125_-105.125,layer3,50-50,0.6529541717757626,0.6529541717757626,1,143
37.125_-95.875|layer3|35-35,37.125_-95.875,layer3,35-35,0.9186318980113088,0.9186318980113088,1,112
37.125_-97.375|layer3|35-35,37.125_-97.375,layer3,35-35,0.9361600581091142,0.9361600581091142,1,53
37.125_-97.875|layer3|50-50,37.125_-97.875,layer3,50-50,0.7699754676459671,0.7699754676459671,2,174
37.125_-98.125|layer3|50-50,37.125_-98.125,layer3,50-50,0.8968800867443594,0.8968800867443594,2,6
37.375_-106.875|layer3|50-50,37.375_-106.875,layer3,50-50,0.6581019296296018,0.6581019296296018,2,508
37.375_-112.625|layer3|50-50,37.375_-112.625,layer3,50-50,0.4962171473926197,0.4962171473926197,2,932
37.375_-113.875|layer3|50-50,37.375_-113.875,layer3,50-50,0.710186472936772,0.710186472936772,1,110
37.375_-96.125|layer3|35-35,37.375_-96.125,layer3,35-35,0.8522570389963305,0.8522570389963305,1,86
37.375_-99.375|layer3|35-35,37.375_-99.375,layer3,35-35,0.8831274708974564,0.8831274708974564,1,3
37.375_126.875|layer3|40-40,37.375_126.875,layer3,40-40,0.9198139199856565,0.9198139199856565,2,25
37.625_-112.625|layer3|50-50,37.625_-112.625,layer3,50-50,0.7170249908946227,0.7170249908946227,2,833
37.625_-112.875|layer3|50-50,37.625_-112.875,layer3,50-50,0.5639273058636382,0.6015651241035375,3,21
37.875_-109.375|layer3|50-50,37.875_-109.375,layer3,50-50,0.6169850098568714,0.6169850098568714,2,259
37.875_-111.875|layer3|50-50,37.875_-111.875,layer3,50-50,0.8423958656202685,0.8423958656202685,1,14
37.875_-97.125|layer3|35-35,37.875_-97.125,layer3,35-35,0.6658366280113998,0.6658366280113998,1,237
38.125_-111.375|layer3|50-50,38.125_-111.375,layer3,50-50,0.3909773843769561,0.3909773843769561,1,32
38.125_-119.125|layer3|50-50,38.125_-119.125,layer3,50-50,0.9375713594404071,0.9375713594404071,1,26
38.125_-120.875|layer3|40-40,38.125_-120.875,layer3,40-40,0.8764380417950459,0.8451645848292155,5,288
38.125_-95.625|layer3|35-35,38.125_-95.625,layer3,35-35,0.8982349818946617,0.8982349818946617,1,268
38.125_-97.625|layer3|35-35,38.125_-97.625,layer3,35-35,0.9470286810238489,0.9470286810238489,1,170
38.125_-99.375|layer3|35-35,38.125_-99.375,layer3,35-35,0.9534428625496164,0.9534428625496164,1,36
38.375_-109.375|layer3|50-50,38.375_-109.375,layer3,50-50,0.8368499068347021,0.8368499068347021,2,93
38.375_-112.375|layer3|50-50,38.375_-112.375,layer3,50-50,0.5830325404801192,0.5327459130842827,3,14
38.375_-119.375|layer3|50-50,38.375_-119.375,layer3,50-50,0.9698196059420828,0.9698196059420828,1,11
38.375_-119.625|layer3|50-50,38.375_-119.625,layer3,50-50,0.7485079921434911,0.7748985765171762,3,142
38.375_-120.875|layer3|40-40,38.375_-120.875,layer3,40-40,0.9158056749638315,0.9199931899983551,4,401
38.375_-97.375|layer3|35-35,38.375_-97.375,layer3,35-35,0.986584367233072,0.986584367233072,1,407
38.625_-119.625|layer3|50-50,38.625_-119.625,layer3,50-50,0.7195694423735672,0.7195694423735672,1,40
38.625_-119.875|layer3|50-50,38.625_-119.875,layer3,50-50,0.7857505012898638,0.7285363481858418,5,440
38.625_-92.125|layer3|50-50,38.625_-92.125,layer3,50-50,0.5237030569587213,0.5237030569587213,1,1
38.875_-106.625|layer3|50-50,38.875_-106.625,layer3,50-50,0.5063336449862644,0.5063336449862644,1,13
38.875_-111.625|layer3|50-50,38.875_-111.625,layer3,50-50,0.4946685501633182,0.46685216777859306,3,633
38.875_-112.125|layer3|50-50,38.875_-112.125,layer3,50-50,0.8260361971993421,0.8260361971993421,1,131
38.875_-119.875|layer3|50-50,38.875_-119.875,layer3,50-50,0.6126108373467517,0.6126108373467517,1,228
38.875_-120.125|layer3|50-50,38.875_-120.125,layer3,50-50,0.6664425730130433,0.6664425730130433,2,61
39.125_-106.875|layer3|50-50,39.125_-106.875,layer3,50-50,0.8926017069106729,0.8331743418431066,5,130
39.125_-111.375|layer3|50-50,39.125_-111.375,layer3,50-50,0.6127749352682522,0.6833551939495217,4,609
39.125_-111.625|layer3|50-50,39.125_-111.625,layer3,50-50,0.5845576522781679,0.591874486239685,4,84
39.125_-120.125|layer3|50-50,39.125_-120.125,layer3,50-50,0.711649841706793,0.711649841706793,1,19
39.375_-106.125|layer3|50-50,39.375_-106.125,layer3,50-50,0.7455119528575248,0.7695529549454148,5,518
39.375_-111.375|layer3|50-50,39.375_-111.375,layer3,50-50,0.7434730485432222,0.6846996107307901,6,144
39.375_-119.875|layer3|50-50,39.375_-119.875,layer3,50-50,0.533766780692492,0.533766780692492,2,124
39.375_-120.375|layer3|50-50,39.375_-120.375,layer3,50-50,0.8168505324764566,0.7755257615887072,4,51
39.375_-123.125|layer3|50-50,39.375_-123.125,layer3,50-50,0.40052622383318137,0.40052622383318137,2,126
39.625_-110.375|layer3|50-50,39.625_-110.375,layer3,50-50,0.8505493654216304,0.8505493654216304,2,103
39.625_-111.375|layer3|50-50,39.625_-111.375,layer3,50-50,0.6942794066359069,0.6942794066359069,1,63
39.875_-105.875|layer3|50-50,39.875_-105.875,layer3,50-50,0.8381609062140762,0.8381609062140762,1,658
39.875_-111.375|layer3|50-50,39.875_-111.375,layer3,50-50,0.6646792066594849,0.6646792066594849,2,242
39.875_-111.625|layer3|50-50,39.875_-111.625,layer3,50-50,0.8679313437260028,0.8731201016040157,4,873
40.125_-105.625|layer3|50-50,40.125_-105.625,layer3,50-50,0.6919686779402302,0.6919686779402302,1,3
40.375_-111.125|layer3|50-50,40.375_-111.125,layer3,50-50,0.7752113369682905,0.7752113369682905,1,7
40.375_-111.625|layer3|50-50,40.375_-111.625,layer3,50-50,0.878071222392672,0.878071222392672,2,57
40.375_-115.625|layer3|50-50,40.375_-115.625,layer3,50-50,0.8015296833810905,0.8015296833810905,1,42
40.625_-109.625|layer3|50-50,40.625_-109.625,layer3,50-50,0.6673688441817942,0.6673688441817942,1,19
40.625_-110.375|layer3|50-50,40.625_-110.375,layer3,50-50,0.3096167613542847,0.3096167613542847,1,33
40.625_-110.625|layer3|50-50,40.625_-110.625,layer3,50-50,0.46968924071864343,0.46968924071864343,2,4
40.625_-111.125|layer3|50-50,40.625_-111.125,layer3,50-50,0.773343301701326,0.773343301701326,1,1
40.625_-111.625|layer3|50-50,40.625_-111.625,layer3,50-50,0.8383809974589289,0.8516280835521559,7,392
40.625_-115.375|layer3|50-50,40.625_-115.375,layer3,50-50,0.7381539510875951,0.7381539510875951,1,8
40.875_-104.625|layer3|50-50,40.875_-104.625,layer3,50-50,0.7514600941900837,0.7514600941900837,2,1963
40.875_-106.625|layer3|50-50,40.875_-106.625,layer3,50-50,0.6314583906066258,0.6314583906066258,1,375
40.875_-110.125|layer3|50-50,40.875_-110.125,layer3,50-50,0.7375388035329353,0.7176287222331392,4,372
40.875_-110.625|layer3|50-50,40.875_-110.625,layer3,50-50,0.4132408526339472,0.4132408526339472,1,9
40.875_-110.875|layer3|50-50,40.875_-110.875,layer3,50-50,0.8758486966728176,0.8758486966728176,1,9
40.875_-111.125|layer3|50-50,40.875_-111.125,layer3,50-50,0.7482128344309,0.7482128344309,2,45
40.875_-111.625|layer3|50-50,40.875_-111.625,layer3,50-50,0.371949011013125,0.3738178269486279,5,1167
40.875_-111.875|layer3|50-50,40.875_-111.875,layer3,50-50,0.8279782595485994,0.7790208681878876,5,169
40.875_-115.125|layer3|50-50,40.875_-115.125,layer3,50-50,0.8442426241343193,0.8442426241343193,2,55
41.125_-111.375|layer3|50-50,41.125_-111.375,layer3,50-50,0.7561969847425899,0.7561969847425899,1,139
41.375_-111.375|layer3|50-50,41.375_-111.375,layer3,50-50,0.8679733182513208,0.8724471271030267,5,601
41.375_-111.875|layer3|50-50,41.375_-111.875,layer3,50-50,0.8532694315920841,0.8534669705896046,5,83
41.375_-71.625|layer3|50-50,41.375_-71.625,layer3,50-50,0.8132888852420138,0.8132888852420138,1,147
41.625_-115.375|layer3|50-50,41.625_-115.375,layer3,50-50,0.4834955837104162,0.4834955837104162,1,373
41.625_-116.125|layer3|50-50,41.625_-116.125,layer3,50-50,0.9170868524950238,0.9170868524950238,1,30
41.625_-117.625|layer3|50-50,41.625_-117.625,layer3,50-50,0.5344864077834823,0.5344864077834823,1,21
41.875_-111.625|layer3|50-50,41.875_-111.625,layer3,50-50,0.7793241477410977,0.7918439486237985,5,36
41.875_-115.125|layer3|50-50,41.875_-115.125,layer3,50-50,0.5840483955199236,0.5840483955199236,1,698
41.875_-116.125|layer3|50-50,41.875_-116.125,layer3,50-50,0.8832211944663416,0.8832211944663416,1,81
41.875_115.625|layer3|40-40,41.875_115.625,layer3,40-40,0.5364991172013163,0.5364991172013163,2,4
41.875_116.375|layer3|50-50,41.875_116.375,layer3,50-50,0.703384777260433,0.703384777260433,1,2
42.125_1.125|layer3|50-50,42.125_1.125,layer3,50-50,0.3986516698633669,0.3986516698633669,1,7
42.125_115.875|layer3|50-50,42.125_115.875,layer3,50-50,0.8065644464614391,0.8065644464614391,1,1
42.125_116.125|layer3|50-50,42.125_116.125,layer3,50-50,0.6763244117634648,0.6763244117634648,2,9
42.375_-83.625|layer3|50-50,42.375_-83.625,layer3,50-50,0.7559838305969251,0.747260375460074,4,82
42.375_1.875|layer3|50-50,42.375_1.875,layer3,50-50,0.6536109453318358,0.6536109453318358,1,29
42.375_115.625|layer3|50-50,42.375_115.625,layer3,50-50,0.6126831978800799,0.6126831978800799,1,5
42.375_115.875|layer3|50-50,42.375_115.875,layer3,50-50,0.98364599795642,0.98364599795642,1,1
43.125_12.125|layer3|35-45,43.125_12.125,layer3,35-45,0.9593156254203848,0.9593156254203848,1,1
43.375_12.125|layer3|35-45,43.375_12.125,layer3,35-45,0.7369882162803201,0.7369882162803201,1,97
43.625_-113.875|layer3|50-50,43.625_-113.875,layer3,50-50,0.6704681020566018,0.6704681020566018,1,349
43.625_-96.625|layer3|50-50,43.625_-96.625,layer3,50-50,0.4512145488328216,0.4512145488328216,1,777
44.125_-110.625|layer3|50-50,44.125_-110.625,layer3,50-50,0.5231465941666065,0.5231465941666065,1,593
44.625_-107.125|layer3|50-50,44.625_-107.125,layer3,50-50,0.681432510039019,0.681432510039019,2,130
44.625_8.625|layer3|40-40,44.625_8.625,layer3,40-40,0.612054479659131,0.612054479659131,1,100
44.625_9.125|layer3|40-40,44.625_9.125,layer3,40-40,0.9268378249741882,0.905587001248563,5,20
45.125_7.125|layer3|40-40,45.125_7.125,layer3,40-40,0.8154221443206532,0.8154221443206532,1,18
45.375_-74.875|layer3|50-50,45.375_-74.875,layer3,50-50,0.89594336568562,0.8016728502482598,4,299
45.375_-75.125|layer3|50-50,45.375_-75.125,layer3,50-50,0.44904185945073,0.6237306310051876,5,192
46.875_-121.625|layer3|50-50,46.875_-121.625,layer3,50-50,0.873153561491763,0.873153561491763,1,97
47.875_-117.125|layer3|50-50,47.875_-117.125,layer3,50-50,0.3057182294710567,0.3057182294710567,1,263
48.125_15.125|layer3|50-50,48.125_15.125,layer3,50-50,0.7094192524940086,0.7316118227879408,8,130
48.375_-105.125|layer3|50-50,48.375_-105.125,layer3,50-50,0.717868242558567,0.717868242558567,1,337
48.625_-120.625|layer3|50-50,48.625_-120.625,layer3,50-50,0.9096485194194008,0.9096485194194008,1,19
49.375_-97.875|layer3|50-50,49.375_-97.875,layer3,50-50,0.9259405606702416,0.9259405606702416,2,23
49.625_-97.875|layer3|50-50,49.625_-97.875,layer3,50-50,0.6064710707433659,0.5995035762968902,6,93
49.625_-98.125|layer3|50-50,49.625_-98.125,layer3,50-50,0.9050621532240368,0.8595882650483918,7,106
49.875_-97.375|layer3|50-50,49.875_-97.375,layer3,50-50,0.8921076486304177,0.8921076486304177,1,3
49.875_-97.875|layer3|50-50,49.875_-97.875,layer3,50-50,0.9590049052556144,0.9590049052556144,2,49
50.125_-97.625|layer3|50-50,50.125_-97.625,layer3,50-50,0.7484511556986938,0.7484511556986938,2,22
50.625_6.375|layer3|50-50,50.625_6.375,layer3,50-50,0.90346632307539,0.90346632307539,1,1
50.875_-2.625|layer3|50-50,50.875_-2.625,layer3,50-50,0.966173840017557,0.966173840017557,1,91
50.875_6.375|layer3|50-50,50.875_6.375,layer3,50-50,0.7034815669553413,0.7614382358299642,5,538
51.125_0.375|layer3|50-50,51.125_0.375,layer3,50-50,0.9028523095435492,0.9028523095435492,1,1
51.125_6.125|layer3|50-50,51.125_6.125,layer3,50-50,0.930357117389196,0.930357117389196,1,26
51.375_-106.375|layer3|50-50,51.375_-106.375,layer3,50-50,0.6978754015662927,0.6978754015662927,1,9
51.375_-106.625|layer3|50-50,51.375_-106.625,layer3,50-50,0.8545199120296215,0.8545199120296215,1,13
51.625_-1.375|layer3|50-50,51.625_-1.375,layer3,50-50,0.7578258458237739,0.7578258458237739,1,5
51.625_0.375|layer3|50-50,51.625_0.375,layer3,50-50,0.8670043897994218,0.8670043897994218,1,11
52.125_0.875|layer3|50-50,52.125_0.875,layer3,50-50,0.9605517820646629,0.9605517820646629,1,2
52.125_6.375|layer3|40-40,52.125_6.375,layer3,40-40,0.7188899719942969,0.7188899719942969,1,70
52.125_6.625|layer3|40-40,52.125_6.625,layer3,40-40,0.7737210942472509,0.7737210942472509,1,68
52.375_0.875|layer3|50-50,52.375_0.875,layer3,50-50,0.8319265943685435,0.8319265943685435,1,4
52.375_13.375|layer3|45-45,52.375_13.375,layer3,45-45,0.5641010902245662,0.5641010902245662,2,22
52.375_13.625|layer3|45-45,52.375_13.625,layer3,45-45,0.6533284180020656,0.6533284180020656,2,55
52.375_6.875|layer3|40-40,52.375_6.875,layer3,40-40,0.7150156209516254,0.6783909595937033,3,447
52.625_-0.875|layer3|50-50,52.625_-0.875,layer3,50-50,0.9422089331797758,0.9422089331797758,1,3
52.625_13.125|layer3|45-45,52.625_13.125,layer3,45-45,0.827138246780759,0.827138246780759,1,21
52.625_13.375|layer3|45-45,52.625_13.375,layer3,45-45,0.7428946441977735,0.7428946441977735,1,12
52.625_13.625|layer3|45-45,52.625_13.625,layer3,45-45,0.9566427148604292,0.9566427148604292,1,10
53.625_22.875|layer3|50-50,53.625_22.875,layer3,50-50,0.4624212555587037,0.4624212555587037,1,23
53.875_-1.375|layer3|50-50,53.875_-1.375,layer3,50-50,0.972194034209162,0.972194034209162,1,22
53.875_12.125|layer3|50-50,53.875_12.125,layer3,50-50,0.7467898864164597,0.7467898864164597,1,2
54.375_-6.125|layer3|50-50,54.375_-6.125,layer3,50-50,0.9014784166742692,0.9014784166742692,1,10
54.875_-6.125|layer3|50-50,54.875_-6.125,layer3,50-50,0.9131883790793066,0.9131883790793066,1,10
60.625_-150.375|layer3|50-50,60.625_-150.375,layer3,50-50,0.5453572270602676,0.5453572270602676,1,975
64.625_-148.375|layer3|50-50,64.625_-148.375,layer3,50-50,0.6753610000887756,0.6753610000887756,2,35
67.375_26.625|layer3|40-40,67.375_26.625,layer3,40-40,0.456282569007359,0.456282569007359,2,116
9.625_1.625|layer3|40-40,9.625_1.625,layer3,40-40,0.8685365398796476,0.8685365398796476,1,29
9.875_1.625|layer3|40-40,9.875_1.625,layer3,40-40,0.9471284182404658,0.9471284182404658,1,231
