timestamp,production_kg_h,compressor_kw,chiller_kw,boiler_kw,other_kw,total_kw,chiller_cop,energy_intensity_kwh_kg
2026-08-20 00:00:00,910.7,150.4,163.6,105.7,147.4,567.1,4.75,0.623
2026-08-20 01:00:00,867.5,155.8,167.9,102.9,152.2,578.8,4.74,0.667
2026-08-20 02:00:00,934.0,138.3,162.2,113.6,151.0,565.2,4.61,0.605
2026-08-20 03:00:00,944.5,143.5,177.5,111.1,154.1,586.3,4.51,0.621
2026-08-20 04:00:00,847.1,142.6,166.9,108.6,145.0,563.1,4.56,0.665
2026-08-20 05:00:00,873.6,158.1,170.7,111.8,147.4,588.1,4.55,0.673
2026-08-20 06:00:00,927.4,153.4,183.5,119.4,149.1,605.5,4.11,0.653
2026-08-20 07:00:00,1175.5,167.5,188.9,107.5,146.1,610.1,4.43,0.519
2026-08-20 08:00:00,1189.5,156.7,181.0,111.8,141.8,591.3,4.57,0.497
2026-08-20 09:00:00,1163.7,155.6,179.4,111.6,142.3,589.0,4.52,0.506
2026-08-20 10:00:00,1227.7,167.9,183.6,112.3,138.5,602.3,4.53,0.491
2026-08-20 11:00:00,1227.4,165.6,188.5,111.4,148.4,613.8,4.31,0.5
2026-08-20 12:00:00,1205.6,167.5,185.3,113.9,144.2,611.0,4.37,0.507
2026-08-20 13:00:00,1245.7,164.9,185.9,111.3,139.7,601.8,4.4,0.483
2026-08-20 14:00:00,1225.5,166.8,195.1,117.0,139.7,618.6,4.07,0.505
2026-08-20 15:00:00,1181.7,164.1,186.3,114.8,135.3,600.5,4.45,0.508
2026-08-20 16:00:00,1227.3,169.9,200.6,117.6,152.8,640.9,4.19,0.522
2026-08-20 17:00:00,1183.2,168.1,188.6,116.6,145.6,618.9,4.27,0.523
2026-08-20 18:00:00,1249.6,156.5,199.9,118.7,138.1,613.2,4.16,0.491
2026-08-20 19:00:00,1219.2,151.4,192.3,114.0,151.5,609.1,4.25,0.5
2026-08-20 20:00:00,1216.3,170.7,195.7,123.9,140.5,630.9,4.22,0.519
2026-08-20 21:00:00,1200.5,171.2,187.2,116.0,133.7,608.1,4.32,0.506
2026-08-20 22:00:00,1268.6,161.0,189.4,109.3,153.2,612.8,4.31,0.483
2026-08-20 23:00:00,961.6,142.1,185.7,105.0,140.7,573.5,4.31,0.596
2026-08-21 00:00:00,953.0,153.5,188.4,101.9,141.7,585.5,4.15,0.614
2026-08-21 01:00:00,956.5,158.6,184.2,109.0,145.3,597.2,4.41,0.624
2026-08-21 02:00:00,988.1,165.2,179.1,109.2,154.1,607.7,4.39,0.615
2026-08-21 03:00:00,982.6,157.3,178.8,107.7,145.2,589.0,4.32,0.599
2026-08-21 04:00:00,984.4,152.1,178.9,117.7,135.4,584.0,4.49,0.593
2026-08-21 05:00:00,985.0,149.0,177.5,111.8,149.4,587.6,4.47,0.597
2026-08-21 06:00:00,1044.6,157.1,189.2,114.0,141.1,601.4,4.27,0.576
2026-08-21 07:00:00,1215.0,162.9,200.5,111.7,160.1,635.1,4.19,0.523
2026-08-21 08:00:00,1210.6,158.4,194.8,111.3,145.0,609.4,4.16,0.503
2026-08-21 09:00:00,1199.1,176.3,183.3,115.1,127.1,601.8,4.45,0.502
2026-08-21 10:00:00,1248.0,176.9,195.5,116.9,147.9,637.1,4.21,0.511
2026-08-21 11:00:00,1264.7,173.7,196.3,109.2,160.6,639.8,4.12,0.506
2026-08-21 12:00:00,1219.7,159.4,206.1,114.8,157.6,637.9,3.95,0.523
2026-08-21 13:00:00,1192.5,168.8,187.4,114.9,159.6,630.8,4.47,0.529
2026-08-21 14:00:00,1191.2,167.4,192.7,113.9,136.8,610.9,4.26,0.513
2026-08-21 15:00:00,1240.7,168.5,204.9,112.8,152.3,638.5,3.9,0.515
2026-08-21 16:00:00,1241.7,173.4,198.6,113.9,139.2,625.1,4.03,0.503
2026-08-21 17:00:00,1232.2,169.3,198.8,115.1,146.8,629.9,4.27,0.511
2026-08-21 18:00:00,1187.3,167.9,194.8,115.0,134.8,612.6,4.19,0.516
2026-08-21 19:00:00,1216.0,168.5,196.8,117.8,139.8,623.0,4.12,0.512
2026-08-21 20:00:00,1209.0,166.5,198.6,119.5,139.6,624.2,4.11,0.516
2026-08-21 21:00:00,1209.5,153.7,190.5,114.1,152.2,610.4,4.19,0.505
2026-08-21 22:00:00,1229.2,165.8,199.3,113.9,151.4,630.5,4.24,0.513
2026-08-21 23:00:00,943.2,149.1,177.8,110.3,147.2,584.5,4.35,0.62
2026-08-22 00:00:00,955.8,145.3,186.5,111.3,134.2,577.3,4.31,0.604
2026-08-22 01:00:00,930.9,162.0,184.5,106.5,142.5,595.5,4.23,0.64
2026-08-22 02:00:00,935.0,162.5,180.3,111.5,139.0,593.4,4.43,0.635
2026-08-22 03:00:00,943.3,160.6,183.2,112.5,152.0,608.3,4.28,0.645
2026-08-22 04:00:00,866.5,150.5,177.1,111.8,154.4,593.9,4.41,0.685
2026-08-22 05:00:00,902.5,158.7,175.7,114.7,153.5,602.5,4.46,0.668
2026-08-22 06:00:00,893.4,150.3,178.5,103.9,139.0,571.6,4.38,0.64
2026-08-22 07:00:00,1143.7,162.7,183.0,113.6,123.1,582.4,4.45,0.509
2026-08-22 08:00:00,1152.5,155.3,190.0,113.9,130.9,590.0,4.26,0.512
2026-08-22 09:00:00,1210.6,166.9,184.1,114.9,156.4,622.2,4.6,0.514
2026-08-22 10:00:00,1124.1,160.9,189.8,110.5,141.8,603.1,4.18,0.537
2026-08-22 11:00:00,1184.4,155.5,181.9,108.7,139.0,585.1,4.48,0.494
2026-08-22 12:00:00,1087.8,158.6,181.0,112.6,158.1,610.4,4.42,0.561
2026-08-22 13:00:00,1131.1,160.4,181.6,110.2,155.1,607.4,4.48,0.537
2026-08-22 14:00:00,1144.8,172.3,191.2,114.0,145.2,622.7,4.21,0.544
2026-08-22 15:00:00,1156.0,167.4,186.0,110.7,142.7,606.8,4.39,0.525
2026-08-22 16:00:00,1156.7,162.1,182.7,109.5,143.9,598.2,4.43,0.517
2026-08-22 17:00:00,1156.1,163.5,185.5,114.8,146.8,610.7,4.25,0.528
2026-08-22 18:00:00,1112.7,160.3,170.3,113.4,157.8,601.8,4.68,0.541
2026-08-22 19:00:00,1105.4,158.5,179.6,115.0,148.4,601.5,4.38,0.544
2026-08-22 20:00:00,1148.4,155.2,190.6,122.5,150.8,619.1,4.12,0.539
2026-08-22 21:00:00,1108.7,159.0,179.2,113.8,154.4,606.4,4.49,0.547
2026-08-22 22:00:00,1067.8,153.6,176.7,113.6,135.6,579.6,4.54,0.543
2026-08-22 23:00:00,810.0,138.9,169.4,100.9,151.0,560.3,4.51,0.692
2026-08-23 00:00:00,814.8,149.7,170.5,100.2,142.6,563.1,4.49,0.691
2026-08-23 01:00:00,862.0,151.1,157.0,112.9,124.9,545.9,4.63,0.633
2026-08-23 02:00:00,847.3,137.4,157.3,102.5,128.0,525.2,4.65,0.62
2026-08-23 03:00:00,864.3,148.2,166.6,102.4,136.9,554.0,4.73,0.641
2026-08-23 04:00:00,823.3,153.0,159.8,105.4,149.2,567.5,4.61,0.689
2026-08-23 05:00:00,842.1,154.2,169.8,105.7,145.9,575.7,4.53,0.684
2026-08-23 06:00:00,856.9,154.7,161.5,102.8,146.5,565.5,4.62,0.66
2026-08-23 07:00:00,1082.8,159.0,160.5,110.9,160.6,591.0,4.88,0.546
2026-08-23 08:00:00,1108.5,154.8,164.0,117.6,134.8,571.3,4.77,0.515
2026-08-23 09:00:00,1068.4,151.6,154.5,108.5,144.8,559.3,5.04,0.524
2026-08-23 10:00:00,1078.2,160.6,166.7,106.4,147.4,581.1,4.75,0.539
2026-08-23 11:00:00,1077.0,160.7,166.1,115.7,139.1,581.7,4.71,0.54
2026-08-23 12:00:00,1048.2,164.9,163.3,113.2,145.2,586.5,4.7,0.56
2026-08-23 13:00:00,1107.0,166.4,172.1,110.2,132.2,580.9,4.66,0.525
2026-08-23 14:00:00,1073.7,157.5,170.9,105.5,156.3,590.2,4.54,0.55
2026-08-23 15:00:00,1090.9,151.6,164.0,109.3,139.5,564.4,4.84,0.517
2026-08-23 16:00:00,1107.9,157.9,154.1,112.5,161.3,585.8,5.2,0.529
2026-08-23 17:00:00,1107.5,161.1,167.2,117.4,144.7,590.4,4.85,0.533
2026-08-23 18:00:00,1116.2,159.0,166.6,108.8,153.2,587.6,4.82,0.526
2026-08-23 19:00:00,1090.6,155.6,163.8,111.9,144.6,575.9,4.8,0.528
2026-08-23 20:00:00,1080.7,160.1,166.2,114.7,144.8,585.9,4.59,0.542
2026-08-23 21:00:00,1094.3,156.2,155.4,102.8,140.3,554.8,4.89,0.507
2026-08-23 22:00:00,1039.8,153.0,168.8,115.1,146.0,583.0,4.76,0.561
2026-08-23 23:00:00,790.2,147.4,144.7,100.0,147.5,539.7,4.93,0.683
2026-08-24 00:00:00,796.8,143.4,153.0,106.2,138.7,541.4,4.76,0.68
2026-08-24 01:00:00,810.5,147.9,140.8,106.2,144.0,539.0,5.09,0.665
2026-08-24 02:00:00,861.9,150.4,146.0,110.9,140.1,547.4,4.94,0.635
2026-08-24 03:00:00,818.9,140.0,156.3,107.7,163.4,567.3,4.67,0.693
2026-08-24 04:00:00,840.2,144.9,147.7,96.5,144.3,533.4,4.97,0.635
2026-08-24 05:00:00,901.9,159.2,155.0,104.4,157.4,576.0,4.79,0.639
2026-08-24 06:00:00,847.1,141.1,149.7,106.7,143.4,541.0,4.87,0.639
2026-08-24 07:00:00,1148.6,149.0,158.2,112.9,147.1,567.2,4.91,0.494
2026-08-24 08:00:00,1093.4,148.0,163.4,114.2,134.4,560.1,4.86,0.512
2026-08-24 09:00:00,1122.4,160.7,156.1,116.2,141.4,574.4,4.99,0.512
2026-08-24 10:00:00,1099.9,159.7,147.4,114.9,146.7,568.7,5.17,0.517
2026-08-24 11:00:00,1124.9,159.9,152.9,112.3,157.7,582.8,5.12,0.518
2026-08-24 12:00:00,1169.9,169.9,161.1,106.9,146.8,584.7,4.92,0.5
2026-08-24 13:00:00,1083.7,142.7,157.2,110.3,156.1,566.2,4.93,0.522
2026-08-24 14:00:00,1163.2,164.7,150.0,115.7,150.1,580.6,5.2,0.499
2026-08-24 15:00:00,1160.2,171.6,154.1,109.6,158.0,593.3,5.13,0.511
2026-08-24 16:00:00,1134.9,154.3,153.8,115.9,144.5,568.6,5.05,0.501
2026-08-24 17:00:00,1109.0,157.6,154.0,116.4,164.1,592.1,5.05,0.534
2026-08-24 18:00:00,1166.0,158.0,150.9,114.7,141.1,564.7,5.09,0.484
2026-08-24 19:00:00,1148.9,156.3,154.1,101.5,138.9,550.8,5.0,0.479
2026-08-24 20:00:00,1179.4,161.1,154.8,109.4,135.3,560.6,5.14,0.475
2026-08-24 21:00:00,1175.8,171.5,162.2,121.9,163.6,619.3,4.94,0.527
2026-08-24 22:00:00,1234.9,176.6,164.6,113.7,151.6,606.5,4.94,0.491
2026-08-24 23:00:00,914.2,149.1,148.8,99.9,142.3,540.2,5.03,0.591
2026-08-25 00:00:00,890.4,161.5,146.9,112.2,155.0,575.6,5.03,0.647
2026-08-25 01:00:00,936.0,152.3,151.4,108.5,150.5,562.7,5.02,0.601
2026-08-25 02:00:00,940.9,162.9,147.1,112.9,160.7,583.6,5.14,0.62
2026-08-25 03:00:00,984.2,153.7,147.2,110.7,132.6,544.3,5.17,0.553
2026-08-25 04:00:00,969.1,154.4,148.0,111.1,142.9,556.4,5.06,0.574
2026-08-25 05:00:00,955.5,155.2,149.4,110.3,141.3,556.3,5.13,0.582
2026-08-25 06:00:00,997.2,173.9,148.6,112.7,129.2,564.5,5.09,0.566
2026-08-25 07:00:00,1167.2,167.6,161.6,123.3,153.5,606.0,4.97,0.519
2026-08-25 08:00:00,1189.2,159.3,165.6,118.6,142.8,586.3,4.87,0.493
2026-08-25 09:00:00,1181.7,169.0,154.2,108.2,150.9,582.4,5.11,0.493
2026-08-25 10:00:00,1202.8,162.0,163.5,116.9,163.9,606.2,4.84,0.504
2026-08-25 11:00:00,1170.5,159.7,161.6,118.8,142.2,582.4,4.97,0.498
2026-08-25 12:00:00,1243.0,171.4,167.5,120.9,141.6,601.4,5.07,0.484
2026-08-25 13:00:00,1214.8,164.9,165.3,113.7,145.9,589.8,4.84,0.485
2026-08-25 14:00:00,1172.7,164.4,157.2,119.0,152.9,593.5,5.02,0.506
2026-08-25 15:00:00,1190.1,163.6,159.3,118.5,140.5,581.9,4.95,0.489
2026-08-25 16:00:00,1237.9,167.7,168.1,126.2,140.0,602.0,4.79,0.486
2026-08-25 17:00:00,1257.3,169.1,174.4,113.4,153.5,610.4,4.83,0.485
2026-08-25 18:00:00,1298.7,156.8,160.2,115.4,148.0,580.5,5.0,0.447
2026-08-25 19:00:00,1331.4,173.9,174.8,117.1,128.6,594.4,4.71,0.446
2026-08-25 20:00:00,1244.3,160.1,176.7,114.1,135.2,586.1,4.51,0.471
2026-08-25 21:00:00,1195.4,155.1,168.9,111.3,157.0,592.4,4.72,0.496
2026-08-25 22:00:00,1155.3,161.6,171.7,102.8,148.2,584.4,4.55,0.506
2026-08-25 23:00:00,979.1,154.6,160.0,107.7,138.9,561.2,4.86,0.573
2026-08-26 00:00:00,940.8,148.2,162.3,110.0,143.6,564.1,4.95,0.6
2026-08-26 01:00:00,954.0,157.9,156.0,106.9,145.1,565.9,4.85,0.593
2026-08-26 02:00:00,946.3,144.5,152.8,116.4,150.9,564.6,4.81,0.597
2026-08-26 03:00:00,961.7,150.8,170.5,109.1,134.1,564.6,4.63,0.587
2026-08-26 04:00:00,1002.6,151.6,163.1,115.2,138.3,568.2,4.7,0.567
2026-08-26 05:00:00,969.3,153.3,165.3,110.3,147.2,576.1,4.78,0.594
2026-08-26 06:00:00,956.6,154.7,161.0,112.2,144.2,572.1,4.74,0.598
2026-08-26 07:00:00,1184.0,157.2,169.5,115.7,149.6,592.1,4.7,0.5
2026-08-26 08:00:00,1159.5,166.5,175.6,119.5,135.2,596.8,4.59,0.515
2026-08-26 09:00:00,1198.9,164.3,175.0,115.2,147.9,602.3,4.71,0.502
2026-08-26 10:00:00,1211.6,153.2,181.7,117.3,153.7,605.9,4.49,0.5
2026-08-26 11:00:00,1272.8,155.5,184.9,118.3,148.9,607.6,4.44,0.477
2026-08-26 12:00:00,1212.7,164.5,182.9,114.2,146.1,607.7,4.46,0.501
2026-08-26 13:00:00,1239.6,164.5,184.2,117.6,144.2,610.5,4.37,0.492
2026-08-26 14:00:00,1184.7,162.7,189.7,123.6,138.3,614.2,4.34,0.518
2026-08-26 15:00:00,1157.6,161.9,176.2,112.9,144.4,595.4,4.44,0.514
2026-08-26 16:00:00,1162.0,163.6,182.1,115.7,155.1,616.6,4.42,0.531
2026-08-26 17:00:00,1167.0,168.2,188.9,119.2,144.0,620.4,4.37,0.532
2026-08-26 18:00:00,1263.3,160.2,193.6,121.1,137.9,612.9,4.3,0.485
2026-08-26 19:00:00,1156.5,155.0,177.1,114.0,141.1,587.2,4.61,0.508
2026-08-26 20:00:00,1210.9,157.9,185.2,105.7,146.6,595.5,4.42,0.492
2026-08-26 21:00:00,1146.3,163.3,192.0,115.7,142.0,613.0,4.32,0.535
2026-08-26 22:00:00,1206.7,171.8,190.4,106.3,148.9,617.4,4.38,0.512
2026-08-26 23:00:00,923.7,149.0,179.6,114.0,149.2,591.7,4.36,0.641
2026-08-27 00:00:00,900.9,135.5,177.3,108.2,152.1,573.1,4.44,0.636
2026-08-27 01:00:00,901.1,140.3,177.0,111.5,156.4,585.2,4.43,0.649
2026-08-27 02:00:00,875.7,144.4,180.0,103.3,153.0,580.7,4.25,0.663
2026-08-27 03:00:00,910.4,147.6,179.0,101.5,137.5,565.7,4.22,0.621
2026-08-27 04:00:00,874.9,146.9,179.3,107.9,137.8,571.9,4.33,0.654
2026-08-27 05:00:00,844.1,148.2,179.3,106.0,144.4,577.9,4.32,0.685
2026-08-27 06:00:00,838.5,145.9,175.8,104.0,141.4,567.0,4.43,0.676
2026-08-27 07:00:00,1145.5,167.8,193.0,114.0,135.9,610.7,4.13,0.533
2026-08-27 08:00:00,1191.1,159.5,206.9,125.8,141.5,633.7,3.86,0.532
2026-08-27 09:00:00,1137.8,156.0,181.9,116.8,141.2,595.9,4.48,0.524
2026-08-27 10:00:00,1124.5,163.5,192.3,117.3,139.6,612.7,4.2,0.545
2026-08-27 11:00:00,1135.2,151.9,187.5,116.8,142.5,598.6,4.16,0.527
2026-08-27 12:00:00,1167.6,164.9,195.6,120.1,154.4,635.1,4.19,0.544
2026-08-27 13:00:00,1126.4,161.3,191.8,112.4,146.6,612.1,4.07,0.543
2026-08-27 14:00:00,1101.3,158.7,194.7,104.3,164.8,622.5,4.05,0.565
2026-08-27 15:00:00,1151.4,171.3,198.7,113.0,146.4,629.4,4.19,0.547
2026-08-27 16:00:00,1124.9,156.9,193.0,116.4,142.7,609.0,4.33,0.541
2026-08-27 17:00:00,1161.0,174.6,199.1,110.1,145.0,628.9,3.98,0.542
2026-08-27 18:00:00,1111.2,158.7,180.1,112.1,147.1,597.9,4.44,0.538
2026-08-27 19:00:00,1059.6,150.0,198.0,108.7,148.5,605.2,4.03,0.571
2026-08-27 20:00:00,1052.5,157.8,191.7,117.3,161.6,628.4,4.3,0.597
2026-08-27 21:00:00,1156.2,155.6,198.9,116.9,138.2,609.6,4.04,0.527
2026-08-27 22:00:00,1157.0,157.6,187.4,116.5,151.9,613.3,4.3,0.53
2026-08-27 23:00:00,828.8,149.7,177.8,108.2,146.7,582.3,4.42,0.703
2026-08-28 00:00:00,820.3,150.2,182.3,105.4,132.4,570.3,4.16,0.695
2026-08-28 01:00:00,883.7,146.0,183.5,107.9,151.2,588.6,4.27,0.666
2026-08-28 02:00:00,792.9,151.6,181.7,100.1,155.1,588.5,4.06,0.742
2026-08-28 03:00:00,799.6,152.9,185.8,96.2,138.1,573.1,4.08,0.717
2026-08-28 04:00:00,852.9,157.0,173.2,106.9,144.9,582.0,4.28,0.682
2026-08-28 05:00:00,816.3,149.9,185.3,106.7,131.2,573.1,4.03,0.702
2026-08-28 06:00:00,829.8,155.5,180.7,110.6,134.9,581.7,4.3,0.701
2026-08-28 07:00:00,1084.4,147.5,188.2,118.4,153.4,607.5,4.26,0.56
2026-08-28 08:00:00,1102.3,157.7,182.2,118.8,141.3,600.0,4.38,0.544
2026-08-28 09:00:00,1140.3,156.1,193.0,109.5,136.1,594.8,4.14,0.522
2026-08-28 10:00:00,1095.0,160.0,176.5,111.0,146.8,594.3,4.51,0.543
2026-08-28 11:00:00,1115.3,156.8,192.1,114.8,140.8,604.5,4.22,0.542
2026-08-28 12:00:00,1022.2,155.0,177.7,120.7,141.2,594.6,4.53,0.582
2026-08-28 13:00:00,1093.6,170.5,187.5,118.3,150.9,627.1,4.07,0.573
2026-08-28 14:00:00,1067.4,157.0,185.2,116.2,135.7,594.1,4.25,0.557
2026-08-28 15:00:00,1056.1,160.0,190.7,109.9,137.8,598.3,4.2,0.567
2026-08-28 16:00:00,1070.0,156.8,183.9,108.2,146.2,595.1,4.34,0.556
2026-08-28 17:00:00,1091.2,159.6,181.5,115.4,152.8,609.3,4.45,0.558
2026-08-28 18:00:00,1137.2,161.2,183.5,109.0,154.9,608.7,4.43,0.535
2026-08-28 19:00:00,1061.3,160.4,189.2,110.6,139.7,599.9,4.2,0.565
2026-08-28 20:00:00,1111.4,167.0,186.6,112.3,152.5,618.4,4.28,0.556
2026-08-28 21:00:00,1096.2,169.2,180.8,118.8,138.7,607.6,4.41,0.554
2026-08-28 22:00:00,1104.7,161.6,181.2,111.2,159.6,613.6,4.52,0.555
2026-08-28 23:00:00,894.3,153.8,166.6,97.6,135.9,553.9,4.54,0.619
2026-08-29 00:00:00,881.3,142.8,175.2,109.0,155.6,582.6,4.39,0.661
2026-08-29 01:00:00,912.6,150.5,164.9,105.0,139.7,560.2,4.66,0.614
2026-08-29 02:00:00,863.8,154.5,175.0,106.8,161.1,597.4,4.51,0.692
2026-08-29 03:00:00,848.4,153.4,170.7,105.9,149.7,579.6,4.44,0.683
2026-08-29 04:00:00,868.5,150.4,181.9,105.6,136.9,574.8,4.31,0.662
2026-08-29 05:00:00,888.6,155.3,164.5,110.4,140.8,571.0,4.73,0.643
2026-08-29 06:00:00,890.0,153.0,168.8,101.1,151.2,574.1,4.54,0.645
2026-08-29 07:00:00,1109.7,167.1,185.2,110.7,153.4,616.5,4.33,0.556
2026-08-29 08:00:00,1154.7,163.7,183.0,116.6,144.4,607.7,4.4,0.526
2026-08-29 09:00:00,1163.3,160.2,173.1,111.6,145.4,590.3,4.64,0.507
2026-08-29 10:00:00,1247.4,168.1,179.9,109.7,151.1,608.9,4.64,0.488
2026-08-29 11:00:00,1228.8,147.7,177.4,118.4,146.1,589.6,4.63,0.48
2026-08-29 12:00:00,1137.1,163.5,174.9,117.9,134.7,590.9,4.62,0.52
2026-08-29 13:00:00,1160.8,140.3,170.0,113.8,138.5,562.7,4.63,0.485
2026-08-29 14:00:00,1123.5,150.2,171.0,105.2,146.9,573.4,4.6,0.51
2026-08-29 15:00:00,1157.8,164.8,164.0,116.8,154.7,600.3,5.03,0.518
2026-08-29 16:00:00,1193.2,166.6,173.1,108.2,157.9,605.8,4.67,0.508
2026-08-29 17:00:00,1228.0,158.3,175.2,116.9,151.2,601.7,4.6,0.49
2026-08-29 18:00:00,1163.9,158.1,168.8,110.5,147.3,584.8,4.87,0.502
2026-08-29 19:00:00,1170.0,170.9,161.4,109.6,151.0,592.9,4.95,0.507
2026-08-29 20:00:00,1121.1,157.5,172.0,111.3,139.7,580.5,4.7,0.518
2026-08-29 21:00:00,1193.8,177.2,170.8,114.1,143.8,605.8,4.72,0.507
2026-08-29 22:00:00,1165.5,162.4,163.7,111.6,138.4,576.1,4.84,0.494
2026-08-29 23:00:00,927.2,154.2,156.9,110.5,135.0,556.6,4.82,0.6
2026-08-30 00:00:00,917.9,161.0,149.8,106.2,147.7,564.7,4.87,0.615
2026-08-30 01:00:00,948.0,153.4,152.6,112.6,146.5,565.2,4.94,0.596
2026-08-30 02:00:00,892.3,144.1,152.5,108.4,150.5,555.6,4.93,0.623
2026-08-30 03:00:00,904.9,150.1,161.2,104.8,149.4,565.5,4.87,0.625
2026-08-30 04:00:00,1033.0,156.3,155.8,107.4,146.9,566.4,4.95,0.548
2026-08-30 05:00:00,915.5,143.0,157.5,101.3,149.5,551.3,4.62,0.602
2026-08-30 06:00:00,924.0,150.0,151.4,109.3,144.7,555.4,4.95,0.601
2026-08-30 07:00:00,1288.4,163.5,167.6,115.8,148.3,595.2,5.1,0.462
2026-08-30 08:00:00,1327.2,175.3,166.6,108.7,139.2,589.7,5.0,0.444
2026-08-30 09:00:00,1185.8,163.6,166.2,112.5,148.0,590.3,4.76,0.498
2026-08-30 10:00:00,1215.0,163.0,159.8,111.8,150.3,584.9,5.04,0.481
2026-08-30 11:00:00,1240.7,165.2,155.1,122.3,139.6,582.3,5.06,0.469
2026-08-30 12:00:00,1289.8,169.4,157.4,110.4,145.4,582.6,5.0,0.452
2026-08-30 13:00:00,1195.2,167.5,158.0,109.1,140.0,574.6,4.99,0.481
2026-08-30 14:00:00,1221.4,159.0,155.0,120.0,140.8,574.7,5.11,0.471
2026-08-30 15:00:00,1257.2,160.3,164.3,121.9,136.0,582.5,4.78,0.463
2026-08-30 16:00:00,1245.0,172.7,159.2,113.1,155.1,600.1,4.94,0.482
2026-08-30 17:00:00,1216.1,162.3,172.2,112.9,153.5,600.8,4.72,0.494
2026-08-30 18:00:00,1224.0,156.6,151.7,118.1,149.3,575.6,5.15,0.47
2026-08-30 19:00:00,1179.7,165.7,159.7,105.2,160.8,591.4,5.0,0.501
2026-08-30 20:00:00,1218.4,167.6,154.2,108.0,143.5,573.3,5.02,0.471
2026-08-30 21:00:00,1216.1,155.5,157.2,114.3,169.3,596.3,5.11,0.49
2026-08-30 22:00:00,1232.1,166.8,160.9,122.0,143.2,592.9,4.89,0.481
2026-08-30 23:00:00,942.8,156.8,138.4,106.8,147.0,549.1,5.2,0.582
2026-08-31 00:00:00,976.9,156.2,152.4,109.8,141.8,560.2,4.84,0.573
2026-08-31 01:00:00,993.8,158.5,161.3,114.4,148.0,582.2,4.7,0.586
2026-08-31 02:00:00,961.6,144.8,148.5,117.5,151.7,562.5,5.08,0.585
2026-08-31 03:00:00,966.0,155.5,152.3,106.8,144.1,558.6,5.1,0.578
2026-08-31 04:00:00,953.0,151.1,155.7,108.8,159.2,574.8,4.91,0.603
2026-08-31 05:00:00,948.4,149.8,149.8,116.0,146.9,562.5,5.05,0.593
2026-08-31 06:00:00,920.3,156.6,146.9,101.9,147.2,552.6,5.05,0.6
2026-08-31 07:00:00,1213.6,173.5,148.9,119.4,137.7,579.5,5.15,0.478
2026-08-31 08:00:00,1195.9,174.6,163.1,110.8,148.3,596.8,4.87,0.499
2026-08-31 09:00:00,1269.3,175.0,162.1,117.1,143.9,598.2,4.89,0.471
2026-08-31 10:00:00,1247.7,165.5,157.2,115.2,140.1,578.0,4.98,0.463
2026-08-31 11:00:00,1202.7,166.2,161.6,111.2,138.8,577.9,4.98,0.48
2026-08-31 12:00:00,1158.9,166.8,156.9,110.0,166.4,600.1,4.93,0.518
2026-08-31 13:00:00,1143.0,162.2,157.0,114.7,142.9,576.7,5.03,0.505
2026-08-31 14:00:00,1219.9,165.7,165.7,119.5,133.3,584.3,4.76,0.479
2026-08-31 15:00:00,1183.6,168.2,155.2,114.1,139.4,576.9,5.1,0.487
2026-08-31 16:00:00,1187.4,163.1,167.7,115.0,144.6,590.3,4.76,0.497
2026-08-31 17:00:00,1105.7,155.4,153.1,114.9,149.4,572.8,5.17,0.518
2026-08-31 18:00:00,1195.4,161.3,160.4,111.0,149.4,582.1,4.99,0.487
2026-08-31 19:00:00,1174.9,166.7,173.1,117.3,150.4,607.6,4.77,0.517
2026-08-31 20:00:00,1116.3,160.2,167.7,116.2,139.8,583.9,4.68,0.523
2026-08-31 21:00:00,1134.7,163.1,163.7,123.8,147.7,598.3,4.85,0.527
2026-08-31 22:00:00,1156.6,166.1,159.9,112.4,138.0,576.4,4.87,0.498
2026-08-31 23:00:00,885.4,147.6,153.1,105.3,140.0,546.0,4.85,0.617
2026-09-01 00:00:00,869.6,153.7,156.1,109.8,137.7,557.3,4.79,0.641
2026-09-01 01:00:00,872.5,151.5,156.7,110.1,135.5,553.8,4.74,0.635
2026-09-01 02:00:00,863.7,141.5,156.4,104.5,153.5,555.8,4.7,0.644
2026-09-01 03:00:00,874.3,158.0,157.8,105.2,150.5,571.5,4.66,0.654
2026-09-01 04:00:00,917.1,148.3,159.0,110.1,152.8,570.2,4.59,0.622
2026-09-01 05:00:00,772.4,134.8,148.5,101.0,145.3,529.7,4.82,0.686
2026-09-01 06:00:00,850.7,142.0,156.6,104.6,151.2,554.4,4.83,0.652
2026-09-01 07:00:00,1122.1,154.4,174.0,113.4,130.9,572.7,4.48,0.51
2026-09-01 08:00:00,1123.3,160.9,163.3,117.1,151.9,593.2,4.73,0.528
2026-09-01 09:00:00,1097.2,157.7,169.0,110.0,146.4,583.2,4.84,0.532
2026-09-01 10:00:00,1046.0,155.1,164.8,103.8,150.0,573.7,4.7,0.548
2026-09-01 11:00:00,1116.5,164.0,172.7,105.2,148.0,589.9,4.66,0.528
2026-09-01 12:00:00,1163.2,164.4,172.6,109.0,137.1,583.1,4.72,0.501
2026-09-01 13:00:00,1046.9,159.0,178.6,105.9,133.0,576.5,4.5,0.551
2026-09-01 14:00:00,1128.8,163.3,177.3,112.6,139.3,592.5,4.42,0.525
2026-09-01 15:00:00,1085.3,162.5,167.5,107.4,149.5,586.9,4.7,0.541
2026-09-01 16:00:00,1093.1,146.5,178.4,109.5,150.5,585.0,4.36,0.535
2026-09-01 17:00:00,1057.0,155.4,170.7,108.3,134.1,568.4,4.83,0.538
2026-09-01 18:00:00,1081.0,145.6,173.2,110.3,137.2,566.2,4.46,0.524
2026-09-01 19:00:00,1137.2,161.4,180.4,118.7,139.2,599.7,4.39,0.527
2026-09-01 20:00:00,1111.4,160.0,176.2,115.4,142.1,593.7,4.47,0.534
2026-09-01 21:00:00,1151.1,168.1,185.2,113.8,134.1,601.2,4.26,0.522
2026-09-01 22:00:00,1131.3,168.0,176.9,111.4,133.6,590.0,4.66,0.522
2026-09-01 23:00:00,845.4,149.3,168.4,104.4,138.4,560.5,4.71,0.663
2026-09-02 00:00:00,891.1,147.1,170.5,108.6,145.7,571.8,4.47,0.642
2026-09-02 01:00:00,845.8,151.0,170.0,108.5,135.6,565.0,4.37,0.668
2026-09-02 02:00:00,859.9,145.5,179.5,102.9,144.1,572.0,4.1,0.665
2026-09-02 03:00:00,821.3,147.0,176.4,105.7,153.5,582.5,4.3,0.709
2026-09-02 04:00:00,835.0,153.5,182.9,97.7,134.6,568.8,4.16,0.681
2026-09-02 05:00:00,809.4,143.1,185.4,106.1,143.3,578.0,4.06,0.714
2026-09-02 06:00:00,869.8,154.0,171.7,109.8,153.2,588.6,4.48,0.677
2026-09-02 07:00:00,1055.5,161.6,184.2,110.3,141.7,597.7,4.36,0.566
2026-09-02 08:00:00,1125.9,154.9,181.0,120.4,140.4,596.8,4.48,0.53
2026-09-02 09:00:00,1093.8,165.1,182.4,108.8,154.3,610.6,4.37,0.558
2026-09-02 10:00:00,1143.6,165.7,185.4,114.5,142.6,608.1,4.28,0.532
2026-09-02 11:00:00,1131.2,161.5,183.3,113.1,153.8,611.8,4.46,0.541
2026-09-02 12:00:00,1171.2,158.1,185.2,113.9,148.4,605.6,4.4,0.517
2026-09-02 13:00:00,1135.7,155.9,188.9,112.9,142.3,600.1,4.36,0.528
2026-09-02 14:00:00,1057.9,154.4,181.3,111.9,148.8,596.3,4.46,0.564
2026-09-02 15:00:00,1113.5,163.4,193.9,116.2,147.6,621.0,4.04,0.558
2026-09-02 16:00:00,1077.9,152.8,184.2,117.5,153.2,607.6,4.23,0.564
2026-09-02 17:00:00,1104.0,162.3,204.1,112.6,140.6,619.6,3.86,0.561
2026-09-02 18:00:00,1178.3,155.6,190.7,117.7,145.3,609.3,4.2,0.517
2026-09-02 19:00:00,1151.2,160.6,192.6,111.0,144.5,608.6,4.28,0.529
2026-09-02 20:00:00,1107.9,160.5,184.5,115.8,150.6,611.4,4.39,0.552
2026-09-02 21:00:00,1100.5,174.2,199.4,109.5,136.8,619.9,4.11,0.563
2026-09-02 22:00:00,1140.9,153.1,198.1,117.9,153.1,622.2,4.12,0.545
2026-09-02 23:00:00,840.9,156.7,183.6,114.9,148.7,603.9,4.19,0.718
2026-09-03 00:00:00,863.8,149.8,176.3,106.1,134.5,566.7,4.45,0.656
2026-09-03 01:00:00,902.0,153.1,185.5,98.8,154.7,592.0,4.22,0.656
2026-09-03 02:00:00,935.4,152.8,180.1,106.2,162.9,602.0,4.33,0.644
2026-09-03 03:00:00,920.2,154.1,192.5,112.9,153.0,612.5,4.16,0.666
2026-09-03 04:00:00,822.6,146.1,185.8,107.8,156.4,596.1,4.12,0.725
2026-09-03 05:00:00,917.3,160.0,185.5,108.9,145.7,600.1,4.17,0.654
2026-09-03 06:00:00,913.0,148.3,172.7,111.9,131.7,564.6,4.41,0.618
2026-09-03 07:00:00,1188.8,170.3,189.5,116.7,130.2,606.7,4.37,0.51
2026-09-03 08:00:00,1234.7,161.7,199.3,120.7,147.0,628.8,4.23,0.509
2026-09-03 09:00:00,1109.6,159.6,197.4,116.4,140.3,613.6,4.07,0.553
2026-09-03 10:00:00,1164.8,156.0,198.6,120.2,137.7,612.5,4.2,0.526
2026-09-03 11:00:00,1209.7,167.2,186.5,116.7,144.5,614.8,4.24,0.508
2026-09-03 12:00:00,1137.2,169.8,193.1,117.1,149.9,630.0,4.19,0.554
2026-09-03 13:00:00,1247.6,165.7,200.3,115.0,133.4,614.3,4.12,0.492
2026-09-03 14:00:00,1212.1,163.4,185.4,112.9,141.4,603.0,4.37,0.498
2026-09-03 15:00:00,1232.0,158.8,194.0,122.6,157.1,632.4,4.44,0.513
2026-09-03 16:00:00,1185.4,162.0,193.4,115.5,136.4,607.3,4.22,0.512
2026-09-03 17:00:00,1236.8,156.1,191.9,119.1,152.0,619.1,4.26,0.501
2026-09-03 18:00:00,1248.4,160.7,184.2,116.7,141.1,602.7,4.48,0.483
2026-09-03 19:00:00,1221.8,166.3,190.4,113.2,149.4,619.3,4.16,0.507
2026-09-03 20:00:00,1224.2,173.0,190.0,115.7,153.8,632.5,4.27,0.517
2026-09-03 21:00:00,1227.7,182.1,190.5,121.4,150.9,645.0,4.4,0.525
2026-09-03 22:00:00,1190.1,160.0,186.6,117.0,152.3,615.9,4.33,0.518
2026-09-03 23:00:00,957.1,161.7,178.5,102.1,135.8,578.1,4.31,0.604
2026-09-04 00:00:00,958.6,154.6,180.1,108.1,153.9,596.7,4.45,0.622
2026-09-04 01:00:00,978.8,153.1,182.6,116.6,138.2,590.5,4.41,0.603
2026-09-04 02:00:00,1001.7,157.7,179.1,109.2,147.1,593.0,4.44,0.592
2026-09-04 03:00:00,930.7,152.3,175.4,101.1,147.1,575.8,4.39,0.619
2026-09-04 04:00:00,964.3,154.1,178.5,116.7,148.9,598.1,4.36,0.62
2026-09-04 05:00:00,1021.1,153.5,169.8,113.3,147.7,584.2,4.56,0.572
2026-09-04 06:00:00,943.7,144.1,178.4,108.3,138.2,569.0,4.29,0.603
2026-09-04 07:00:00,1201.2,154.8,184.3,113.5,134.2,586.9,4.35,0.489
2026-09-04 08:00:00,1237.1,169.6,185.1,120.3,152.0,626.9,4.4,0.507
2026-09-04 09:00:00,1259.3,165.0,189.8,114.3,146.5,615.6,4.28,0.489
2026-09-04 10:00:00,1229.8,161.8,173.4,120.3,154.2,609.7,4.58,0.496
2026-09-04 11:00:00,1275.2,167.4,174.2,119.0,144.6,605.3,4.74,0.475
2026-09-04 12:00:00,1257.9,171.4,184.1,117.4,133.8,606.7,4.51,0.482
2026-09-04 13:00:00,1256.3,167.6,181.9,117.0,152.7,619.2,4.67,0.493
2026-09-04 14:00:00,1245.0,162.1,181.7,115.4,142.0,601.2,4.48,0.483
2026-09-04 15:00:00,1305.6,176.1,179.9,121.8,147.7,625.5,4.64,0.479
2026-09-04 16:00:00,1215.3,174.2,181.6,111.9,139.8,607.5,4.53,0.5
2026-09-04 17:00:00,1150.5,164.7,179.9,107.3,158.2,610.1,4.48,0.53
2026-09-04 18:00:00,1274.7,173.2,181.3,119.3,138.0,611.8,4.62,0.48
2026-09-04 19:00:00,1200.3,171.5,174.2,117.5,142.3,605.5,4.72,0.504
2026-09-04 20:00:00,1217.7,171.6,164.8,117.4,145.9,599.6,4.91,0.492
2026-09-04 21:00:00,1257.2,170.3,179.9,118.1,136.3,604.4,4.56,0.481
2026-09-04 22:00:00,1152.6,165.5,177.7,112.5,147.6,603.4,4.52,0.523
2026-09-04 23:00:00,902.0,153.7,165.3,110.7,157.9,587.6,4.52,0.651
2026-09-05 00:00:00,886.8,143.3,156.5,107.0,141.1,547.8,4.75,0.618
2026-09-05 01:00:00,911.9,155.2,164.4,105.8,148.2,573.6,4.61,0.629
2026-09-05 02:00:00,951.8,144.7,166.0,107.5,123.0,541.3,4.56,0.569
2026-09-05 03:00:00,951.4,148.0,168.8,116.9,144.7,578.4,4.62,0.608
2026-09-05 04:00:00,939.2,160.1,155.5,101.5,142.5,559.6,4.97,0.596
2026-09-05 05:00:00,876.5,154.5,155.9,108.9,138.5,557.8,4.74,0.636
2026-09-05 06:00:00,841.5,156.8,158.9,99.3,153.7,568.7,4.75,0.676
2026-09-05 07:00:00,1180.5,161.5,166.7,114.1,142.4,584.6,4.73,0.495
2026-09-05 08:00:00,1158.3,155.2,159.4,112.2,143.6,570.4,4.93,0.492
2026-09-05 09:00:00,1187.1,162.0,167.5,106.3,142.0,577.8,4.75,0.487
2026-09-05 10:00:00,1191.7,164.2,167.9,116.3,129.7,578.1,4.84,0.485
2026-09-05 11:00:00,1168.1,163.0,164.0,112.7,135.9,575.7,4.81,0.493
2026-09-05 12:00:00,1186.0,170.2,164.8,106.3,152.7,593.9,4.94,0.501
2026-09-05 13:00:00,1163.5,160.2,161.1,117.4,128.1,566.9,4.91,0.487
2026-09-05 14:00:00,1170.2,164.8,169.5,120.0,138.9,593.2,4.69,0.507
2026-09-05 15:00:00,1123.1,154.6,155.5,119.0,141.8,571.0,4.92,0.508
2026-09-05 16:00:00,1137.7,163.9,157.2,114.9,158.9,594.9,5.01,0.523
2026-09-05 17:00:00,1147.1,161.6,160.1,113.9,151.1,586.7,5.01,0.511
2026-09-05 18:00:00,1165.2,157.9,164.6,119.4,140.5,582.6,4.87,0.5
2026-09-05 19:00:00,1119.1,158.9,150.8,119.7,155.4,584.9,5.2,0.523
2026-09-05 20:00:00,1147.6,160.5,152.4,118.2,139.1,570.2,5.2,0.497
2026-09-05 21:00:00,1116.6,158.6,147.3,109.1,153.1,568.2,5.17,0.509
2026-09-05 22:00:00,1118.4,171.0,157.5,113.8,134.1,576.3,4.94,0.515
2026-09-05 23:00:00,888.4,149.4,143.4,109.0,153.6,555.4,5.14,0.625
2026-09-06 00:00:00,786.5,143.9,143.3,97.4,141.8,526.4,4.96,0.669
2026-09-06 01:00:00,807.9,133.8,149.1,107.1,136.8,526.7,5.01,0.652
2026-09-06 02:00:00,798.6,140.6,142.1,114.1,143.3,540.0,5.09,0.676
2026-09-06 03:00:00,766.1,142.9,145.2,106.7,147.2,542.0,4.99,0.707
2026-09-06 04:00:00,821.5,142.9,144.4,111.4,141.0,539.7,5.09,0.657
2026-09-06 05:00:00,869.2,157.4,150.8,107.5,149.4,565.1,5.06,0.65
2026-09-06 06:00:00,830.8,146.4,148.5,105.5,140.3,540.7,4.96,0.651
2026-09-06 07:00:00,1105.7,167.5,152.2,114.2,150.0,583.9,5.07,0.528
2026-09-06 08:00:00,1135.1,161.5,155.9,110.1,148.5,576.0,5.14,0.507
2026-09-06 09:00:00,1141.9,161.6,162.3,109.7,144.5,578.1,4.96,0.506
2026-09-06 10:00:00,1091.6,158.6,157.3,117.4,141.5,574.8,4.93,0.527
2026-09-06 11:00:00,1140.2,161.3,150.2,119.0,146.2,576.7,5.15,0.506
2026-09-06 12:00:00,1095.0,169.6,159.0,108.4,149.4,586.4,4.93,0.536
2026-09-06 13:00:00,1061.7,143.9,149.4,115.4,161.5,570.1,5.14,0.537
2026-09-06 14:00:00,1069.7,146.1,162.3,111.4,152.5,572.4,4.72,0.535
2026-09-06 15:00:00,1038.3,153.5,159.5,112.3,152.8,578.1,4.74,0.557
2026-09-06 16:00:00,1058.9,157.7,156.8,113.3,169.7,597.6,4.87,0.564
2026-09-06 17:00:00,1077.6,162.6,157.1,115.9,149.1,584.8,4.87,0.543
2026-09-06 18:00:00,1118.5,163.2,157.1,113.3,148.9,582.4,4.93,0.521
2026-09-06 19:00:00,1151.1,159.5,163.0,119.4,150.6,592.5,4.92,0.515
2026-09-06 20:00:00,1043.2,163.1,154.4,112.3,136.9,566.7,4.97,0.543
2026-09-06 21:00:00,1106.3,166.0,160.0,115.2,141.4,582.6,4.92,0.527
2026-09-06 22:00:00,1057.3,158.7,161.9,108.1,141.0,569.6,4.73,0.539
2026-09-06 23:00:00,851.7,154.1,148.0,114.9,150.2,567.2,4.94,0.666
2026-09-07 00:00:00,832.0,149.1,147.5,107.7,143.6,547.9,5.02,0.658
2026-09-07 01:00:00,774.3,141.5,143.1,107.2,146.1,537.9,5.07,0.695
2026-09-07 02:00:00,872.8,153.5,147.7,100.4,153.7,555.3,4.94,0.636
2026-09-07 03:00:00,821.2,147.6,142.7,102.2,151.9,544.4,5.08,0.663
2026-09-07 04:00:00,826.0,147.2,156.2,110.6,143.7,557.7,4.95,0.675
2026-09-07 05:00:00,809.7,155.3,161.6,106.4,139.6,562.9,4.64,0.695
2026-09-07 06:00:00,826.9,132.5,160.9,98.0,154.1,545.5,4.61,0.66
2026-09-07 07:00:00,1127.6,152.2,156.8,117.3,151.2,577.6,4.98,0.512
2026-09-07 08:00:00,1108.9,152.8,168.6,110.5,132.1,564.0,4.72,0.509
2026-09-07 09:00:00,1130.1,158.7,173.4,118.9,142.5,593.5,4.61,0.525
2026-09-07 10:00:00,1134.5,159.5,164.9,113.0,146.3,583.7,4.82,0.515
2026-09-07 11:00:00,1171.3,153.7,169.6,115.1,151.2,589.6,4.63,0.503
2026-09-07 12:00:00,1116.5,154.3,157.9,117.6,152.3,582.1,4.88,0.521
2026-09-07 13:00:00,1080.4,153.5,168.7,108.4,147.3,577.8,4.68,0.535
2026-09-07 14:00:00,1173.0,177.5,166.0,110.4,149.7,603.6,4.81,0.515
2026-09-07 15:00:00,1127.8,171.6,171.5,112.4,145.5,600.9,4.62,0.533
2026-09-07 16:00:00,1182.1,160.7,165.3,117.9,139.6,583.5,4.83,0.494
2026-09-07 17:00:00,1160.3,160.0,175.8,108.7,142.9,587.4,4.6,0.506
2026-09-07 18:00:00,1146.1,154.7,178.4,107.0,145.2,585.3,4.6,0.511
2026-09-07 19:00:00,1166.8,151.1,170.9,117.5,144.7,584.1,4.7,0.501
2026-09-07 20:00:00,1226.8,164.5,172.0,113.3,129.9,579.6,4.76,0.472
2026-09-07 21:00:00,1235.1,159.6,167.9,114.3,141.8,583.6,4.79,0.473
2026-09-07 22:00:00,1168.7,162.1,175.8,106.8,145.4,590.1,4.65,0.505
2026-09-07 23:00:00,915.7,141.6,166.1,105.2,142.7,555.6,4.65,0.607
2026-09-08 00:00:00,951.6,148.3,163.2,108.8,143.0,563.3,4.78,0.592
2026-09-08 01:00:00,888.1,150.9,171.8,110.9,148.9,582.5,4.53,0.656
2026-09-08 02:00:00,933.1,154.2,169.6,105.2,136.4,565.4,4.6,0.606
2026-09-08 03:00:00,924.2,154.1,166.9,114.7,132.0,567.7,4.6,0.614
2026-09-08 04:00:00,939.7,144.4,170.7,105.8,142.2,563.1,4.56,0.599
2026-09-08 05:00:00,903.1,155.8,178.3,104.8,151.1,590.0,4.43,0.653
2026-09-08 06:00:00,880.0,144.8,175.8,113.1,158.5,592.3,4.32,0.673
2026-09-08 07:00:00,1126.4,164.5,181.5,114.0,151.3,611.2,4.39,0.543
2026-09-08 08:00:00,1163.0,162.3,187.2,111.9,133.3,594.6,4.36,0.511
2026-09-08 09:00:00,1189.1,155.2,179.8,114.1,143.1,592.3,4.56,0.498
2026-09-08 10:00:00,1197.8,162.0,186.8,120.4,147.1,616.2,4.32,0.514
2026-09-08 11:00:00,1278.6,169.7,190.8,122.8,146.4,629.8,4.35,0.493
2026-09-08 12:00:00,1252.1,170.0,187.4,113.0,149.3,619.7,4.4,0.495
2026-09-08 13:00:00,1182.1,162.4,190.0,114.4,137.7,604.4,4.12,0.511
2026-09-08 14:00:00,1230.2,174.6,186.2,116.1,145.5,622.4,4.4,0.506
2026-09-08 15:00:00,1205.9,170.3,192.4,111.2,148.4,622.2,4.25,0.516
2026-09-08 16:00:00,1212.1,163.0,193.3,115.1,151.6,623.0,4.23,0.514
2026-09-08 17:00:00,1230.2,169.9,177.1,115.8,138.6,601.3,4.73,0.489
2026-09-08 18:00:00,1246.9,177.7,198.7,120.7,142.2,639.4,4.06,0.513
2026-09-08 19:00:00,1214.7,176.4,176.8,120.2,123.4,596.8,4.55,0.491
2026-09-08 20:00:00,1264.9,159.6,191.2,115.3,140.0,606.1,4.13,0.479
2026-09-08 21:00:00,1188.6,157.9,197.1,113.9,140.8,609.7,4.11,0.513
2026-09-08 22:00:00,1229.5,174.2,192.2,118.4,136.8,621.7,4.25,0.506
2026-09-08 23:00:00,1060.6,151.4,180.9,109.2,146.3,587.8,4.36,0.554
2026-09-09 00:00:00,977.8,146.1,180.2,111.8,144.6,582.6,4.44,0.596
2026-09-09 01:00:00,1020.2,153.0,192.6,110.2,126.9,582.6,4.18,0.571
2026-09-09 02:00:00,973.0,156.3,176.4,105.4,146.7,584.9,4.44,0.601
2026-09-09 03:00:00,989.7,153.9,192.5,105.9,137.6,589.9,4.06,0.596
2026-09-09 04:00:00,966.8,149.6,186.0,115.0,148.9,599.4,4.3,0.62
2026-09-09 05:00:00,962.0,149.2,180.3,108.4,134.7,572.7,4.34,0.595
2026-09-09 06:00:00,939.7,148.0,182.7,115.1,145.2,591.0,4.21,0.629
2026-09-09 07:00:00,1240.8,160.6,191.2,114.0,142.7,608.4,4.18,0.49
2026-09-09 08:00:00,1194.5,177.4,199.1,116.0,147.4,640.0,4.07,0.536
2026-09-09 09:00:00,1245.9,167.9,200.3,125.7,146.0,639.8,4.18,0.514
2026-09-09 10:00:00,1258.8,172.0,188.5,112.2,143.0,615.6,4.57,0.489
2026-09-09 11:00:00,1231.6,162.5,194.1,108.2,132.7,597.5,4.25,0.485
2026-09-09 12:00:00,1206.6,163.2,190.9,120.3,133.2,607.5,4.24,0.504
2026-09-09 13:00:00,1230.1,161.1,202.4,112.4,140.3,616.2,3.96,0.501
2026-09-09 14:00:00,1200.8,148.1,188.0,114.9,144.9,596.0,4.4,0.496
2026-09-09 15:00:00,1241.7,157.6,204.1,113.7,140.1,615.5,3.89,0.496
2026-09-09 16:00:00,1142.0,150.5,192.3,114.6,150.0,607.4,4.26,0.532
2026-09-09 17:00:00,1191.3,150.1,188.1,111.0,142.8,592.0,4.41,0.497
2026-09-09 18:00:00,1130.3,153.7,188.2,112.5,137.3,591.7,4.33,0.524
2026-09-09 19:00:00,1144.4,169.4,187.8,115.4,142.8,615.5,4.3,0.538
2026-09-09 20:00:00,1241.1,165.6,188.6,112.0,146.8,612.9,4.42,0.494
2026-09-09 21:00:00,1221.2,172.7,194.4,112.7,147.6,627.4,4.24,0.514
2026-09-09 22:00:00,1161.1,164.7,185.3,112.6,160.0,622.7,4.32,0.536
2026-09-09 23:00:00,870.1,153.8,170.0,101.0,139.6,564.5,4.65,0.649
2026-09-10 00:00:00,815.2,141.3,176.7,103.7,144.4,566.1,4.28,0.694
2026-09-10 01:00:00,896.2,153.5,172.0,107.9,148.4,581.7,4.54,0.649
2026-09-10 02:00:00,996.1,159.2,180.3,108.3,144.8,592.6,4.17,0.595
2026-09-10 03:00:00,922.7,148.1,176.5,107.0,141.0,572.5,4.5,0.62
2026-09-10 04:00:00,884.1,153.1,174.8,107.0,132.6,567.6,4.52,0.642
2026-09-10 05:00:00,916.0,154.6,189.8,105.3,140.9,590.6,4.1,0.645
2026-09-10 06:00:00,841.2,144.6,176.9,108.8,136.4,566.6,4.37,0.674
2026-09-10 07:00:00,1141.6,154.6,187.8,119.3,131.2,592.9,4.36,0.519
2026-09-10 08:00:00,1151.6,154.7,177.4,111.9,138.6,582.7,4.5,0.506
2026-09-10 09:00:00,1141.3,161.9,182.1,115.5,136.6,596.1,4.49,0.522
2026-09-10 10:00:00,1168.3,164.5,186.7,113.2,149.7,614.2,4.29,0.526
2026-09-10 11:00:00,1148.9,156.9,179.2,115.2,149.8,601.2,4.46,0.523
2026-09-10 12:00:00,1156.6,162.2,188.5,120.2,137.8,608.7,4.4,0.526
2026-09-10 13:00:00,1105.6,163.2,175.5,114.7,142.9,596.3,4.64,0.539
2026-09-10 14:00:00,1157.7,165.8,181.2,106.8,130.1,584.0,4.42,0.504
2026-09-10 15:00:00,1179.9,172.4,179.8,116.3,141.0,609.6,4.46,0.517
2026-09-10 16:00:00,1085.7,166.5,179.6,117.1,148.2,611.3,4.4,0.563
2026-09-10 17:00:00,1085.5,152.8,174.8,111.3,151.6,590.5,4.62,0.544
2026-09-10 18:00:00,1160.3,172.3,178.6,118.0,139.3,608.2,4.45,0.524
2026-09-10 19:00:00,1104.0,156.5,176.0,109.8,153.4,595.8,4.58,0.54
2026-09-10 20:00:00,1157.2,168.3,174.7,108.0,132.9,583.9,4.68,0.505
2026-09-10 21:00:00,1090.0,159.5,177.7,112.8,135.0,585.0,4.49,0.537
2026-09-10 22:00:00,1154.1,159.5,177.9,106.8,150.7,594.9,4.62,0.515
2026-09-10 23:00:00,845.6,137.2,164.7,105.2,158.4,565.5,4.57,0.669
2026-09-11 00:00:00,848.0,147.1,162.4,111.3,148.9,569.8,4.63,0.672
2026-09-11 01:00:00,891.9,140.8,169.3,99.7,144.7,554.4,4.45,0.622
2026-09-11 02:00:00,822.9,152.8,161.0,100.5,127.4,541.7,4.74,0.658
2026-09-11 03:00:00,801.2,155.2,159.1,100.9,128.8,544.0,4.63,0.679
2026-09-11 04:00:00,817.2,142.0,161.0,105.2,146.0,554.2,4.69,0.678
2026-09-11 05:00:00,847.7,150.0,169.3,104.7,142.1,566.1,4.49,0.668
2026-09-11 06:00:00,776.3,140.6,150.9,110.0,136.2,537.6,4.77,0.693
2026-09-11 07:00:00,1112.8,156.3,172.5,116.6,145.5,590.9,4.58,0.531
2026-09-11 08:00:00,1071.3,162.9,157.0,113.8,145.9,579.5,5.06,0.541
2026-09-11 09:00:00,1130.2,160.6,168.9,113.8,152.6,595.9,4.74,0.527
2026-09-11 10:00:00,1006.3,165.7,170.7,111.7,146.1,594.2,4.51,0.591
2026-09-11 11:00:00,1062.8,154.9,166.5,108.1,154.8,584.4,4.75,0.55
2026-09-11 12:00:00,1031.8,162.4,163.2,114.2,145.1,584.9,4.76,0.567
2026-09-11 13:00:00,1062.6,158.4,160.0,107.1,144.1,569.6,5.15,0.536
2026-09-11 14:00:00,1101.1,164.3,163.6,115.9,153.5,597.4,4.84,0.542
2026-09-11 15:00:00,1087.3,156.2,161.1,116.9,137.2,571.5,4.83,0.526
2026-09-11 16:00:00,1086.1,158.6,157.8,113.0,167.5,596.9,5.05,0.55
2026-09-11 17:00:00,1090.9,158.4,159.9,111.6,148.0,577.9,4.75,0.53
2026-09-11 18:00:00,1105.3,154.7,162.3,114.2,148.0,579.3,4.86,0.524
2026-09-11 19:00:00,1064.8,161.9,155.5,100.2,149.2,566.8,5.13,0.532
2026-09-11 20:00:00,1126.9,164.6,157.0,114.4,160.0,596.0,4.98,0.529
2026-09-11 21:00:00,1127.7,164.3,153.8,112.7,151.3,582.1,4.92,0.516
2026-09-11 22:00:00,1120.4,169.6,161.8,112.8,132.2,576.4,4.84,0.514
2026-09-11 23:00:00,869.0,157.8,153.3,109.6,156.2,576.9,4.99,0.664
2026-09-12 00:00:00,862.7,146.6,151.1,106.3,142.3,546.2,4.94,0.633
2026-09-12 01:00:00,926.5,153.9,156.6,103.6,145.9,560.0,4.77,0.604
2026-09-12 02:00:00,855.3,144.7,149.4,105.8,134.8,534.7,4.89,0.625
2026-09-12 03:00:00,850.7,148.4,150.4,106.5,149.2,554.6,4.87,0.652
2026-09-12 04:00:00,838.4,144.1,149.3,106.4,139.8,539.6,4.96,0.644
2026-09-12 05:00:00,832.1,157.2,146.8,106.4,145.8,556.2,5.09,0.668
2026-09-12 06:00:00,828.2,149.4,144.2,109.9,142.7,546.2,5.12,0.66
2026-09-12 07:00:00,1104.2,158.4,167.4,108.3,160.4,594.4,4.78,0.538
2026-09-12 08:00:00,1136.5,168.3,155.0,114.1,160.9,598.3,4.93,0.526
2026-09-12 09:00:00,1154.4,148.9,154.4,119.0,145.4,567.7,4.96,0.492
2026-09-12 10:00:00,1148.3,149.6,159.6,106.8,145.5,561.4,4.99,0.489
2026-09-12 11:00:00,1123.6,165.3,157.7,113.8,142.0,578.8,4.86,0.515
2026-09-12 12:00:00,1185.7,163.7,151.5,112.3,153.8,581.4,5.14,0.49
2026-09-12 13:00:00,1184.0,164.8,164.1,113.1,142.4,584.3,4.9,0.494
2026-09-12 14:00:00,1156.4,154.1,157.0,110.3,141.6,563.0,4.92,0.487
2026-09-12 15:00:00,1143.0,161.3,151.5,112.9,152.8,578.5,5.04,0.506
2026-09-12 16:00:00,1188.9,175.5,164.7,122.1,140.7,603.0,4.86,0.507
2026-09-12 17:00:00,1180.2,168.1,161.6,109.4,144.7,583.8,4.97,0.495
2026-09-12 18:00:00,1126.7,161.7,150.4,108.5,132.3,553.0,5.2,0.491
2026-09-12 19:00:00,1178.7,160.4,167.6,109.3,150.6,587.9,4.84,0.499
2026-09-12 20:00:00,1194.0,161.4,162.7,121.8,160.5,606.4,4.92,0.508
2026-09-12 21:00:00,1156.9,149.3,158.3,112.1,150.8,570.4,4.92,0.493
2026-09-12 22:00:00,1198.5,165.5,168.0,114.9,156.7,605.1,4.71,0.505
2026-09-12 23:00:00,884.4,154.9,150.1,105.5,138.2,548.7,4.91,0.62
2026-09-13 00:00:00,985.4,144.9,153.0,105.9,146.9,550.7,5.0,0.559
2026-09-13 01:00:00,985.5,150.4,150.2,108.7,137.5,546.7,5.06,0.555
2026-09-13 02:00:00,936.0,145.2,155.1,118.2,143.2,561.6,4.71,0.6
2026-09-13 03:00:00,960.5,147.4,155.8,114.6,151.2,569.0,4.82,0.592
2026-09-13 04:00:00,866.2,149.3,150.6,103.2,145.8,548.9,5.02,0.634
2026-09-13 05:00:00,912.7,138.6,148.6,110.4,133.7,531.3,5.01,0.582
2026-09-13 06:00:00,945.3,156.2,154.8,105.3,134.5,550.8,4.78,0.583
2026-09-13 07:00:00,1180.3,167.6,162.5,107.4,134.0,571.5,5.09,0.484
2026-09-13 08:00:00,1245.0,164.5,159.0,120.2,148.9,592.7,5.03,0.476
2026-09-13 09:00:00,1291.8,153.2,160.5,121.9,161.5,597.2,5.07,0.462
2026-09-13 10:00:00,1182.4,157.2,167.4,118.7,155.9,599.3,4.83,0.507
2026-09-13 11:00:00,1195.8,171.2,152.6,113.0,129.8,566.7,5.11,0.474
2026-09-13 12:00:00,1234.7,148.9,168.6,115.2,156.4,589.1,4.76,0.477
2026-09-13 13:00:00,1284.0,165.7,167.5,120.1,152.5,605.8,5.05,0.472
2026-09-13 14:00:00,1185.7,156.3,173.6,116.2,132.6,578.8,4.74,0.488
2026-09-13 15:00:00,1237.9,170.5,167.1,114.4,142.6,594.6,4.92,0.48
2026-09-13 16:00:00,1293.4,164.2,175.5,110.9,153.8,604.3,4.75,0.467
2026-09-13 17:00:00,1172.1,165.2,166.6,114.8,149.4,596.0,4.73,0.508
2026-09-13 18:00:00,1185.2,166.7,170.3,118.9,134.5,590.5,4.84,0.498
2026-09-13 19:00:00,1215.0,175.7,175.2,110.6,149.9,611.4,4.58,0.503
2026-09-13 20:00:00,1211.2,163.3,169.8,117.8,127.9,578.8,4.79,0.478
2026-09-13 21:00:00,1257.3,168.8,179.4,117.8,143.2,609.2,4.46,0.485
2026-09-13 22:00:00,1236.5,156.7,169.5,118.9,154.1,599.2,4.63,0.485
2026-09-13 23:00:00,904.9,157.9,165.0,111.1,145.1,579.1,4.66,0.64
2026-09-14 00:00:00,983.9,149.7,171.7,106.8,141.0,569.2,4.49,0.579
2026-09-14 01:00:00,944.2,149.1,169.7,102.1,152.1,573.1,4.4,0.607
2026-09-14 02:00:00,1007.4,155.2,179.0,108.1,152.8,595.0,4.45,0.591
2026-09-14 03:00:00,939.0,142.9,163.9,112.0,155.5,574.3,4.86,0.612
2026-09-14 04:00:00,936.7,153.5,161.5,106.2,152.0,573.3,4.85,0.612
2026-09-14 05:00:00,975.7,159.7,165.5,106.6,153.7,585.5,4.66,0.6
2026-09-14 06:00:00,981.1,155.9,174.7,102.2,150.9,583.8,4.48,0.595
2026-09-14 07:00:00,1227.6,155.7,183.3,122.7,147.1,608.8,4.55,0.496
2026-09-14 08:00:00,1150.2,161.0,179.4,117.1,145.7,603.1,4.6,0.524
2026-09-14 09:00:00,1225.2,169.6,176.6,118.7,143.1,608.0,4.6,0.496
2026-09-14 10:00:00,1167.2,151.3,184.7,118.1,135.3,589.3,4.41,0.505
2026-09-14 11:00:00,1208.5,157.9,176.9,117.5,137.4,589.7,4.63,0.488
2026-09-14 12:00:00,1147.2,166.9,187.4,112.7,142.7,609.7,4.37,0.532
2026-09-14 13:00:00,1209.3,166.0,198.8,114.6,146.9,626.3,4.11,0.518
2026-09-14 14:00:00,1162.0,164.8,185.3,112.3,156.5,619.0,4.38,0.533
2026-09-14 15:00:00,1141.8,172.5,186.4,124.1,144.7,627.7,4.46,0.55
2026-09-14 16:00:00,1208.0,167.2,184.0,117.4,153.0,621.6,4.55,0.515
2026-09-14 17:00:00,1187.8,167.4,177.3,112.8,153.6,611.2,4.62,0.515
2026-09-14 18:00:00,1154.1,178.2,182.8,115.7,143.1,619.9,4.57,0.537
2026-09-14 19:00:00,1222.5,163.7,183.3,111.5,149.8,608.4,4.45,0.498
2026-09-14 20:00:00,1152.5,157.1,179.7,119.8,143.1,599.7,4.63,0.52
2026-09-14 21:00:00,1165.1,165.0,196.6,111.5,155.6,628.6,4.18,0.54
2026-09-14 22:00:00,1169.5,165.3,190.0,116.2,150.1,621.6,4.55,0.531
2026-09-14 23:00:00,874.6,146.2,180.7,111.1,135.5,573.5,4.17,0.656
2026-09-15 00:00:00,908.9,144.7,179.0,109.3,146.3,579.2,4.27,0.637
2026-09-15 01:00:00,869.9,163.0,178.8,107.1,158.2,607.1,4.34,0.698
2026-09-15 02:00:00,870.3,151.1,184.9,106.8,143.6,586.4,4.2,0.674
2026-09-15 03:00:00,928.6,147.4,182.4,108.0,148.6,586.4,4.42,0.631
2026-09-15 04:00:00,840.8,153.3,182.5,103.7,149.4,589.0,4.14,0.7
2026-09-15 05:00:00,789.1,144.9,177.5,102.9,136.7,562.0,4.34,0.712
2026-09-15 06:00:00,926.4,150.2,181.9,114.1,149.1,595.2,4.37,0.643
2026-09-15 07:00:00,1215.8,168.1,187.0,115.0,133.8,603.9,4.45,0.497
2026-09-15 08:00:00,1109.0,152.2,180.7,109.6,140.0,582.4,4.37,0.525
2026-09-15 09:00:00,1052.2,159.5,187.6,109.2,153.6,609.9,4.36,0.58
2026-09-15 10:00:00,1106.0,171.2,191.3,117.1,147.9,627.4,4.31,0.567
2026-09-15 11:00:00,1103.8,162.5,184.7,115.3,142.6,605.0,4.4,0.548
2026-09-15 12:00:00,1104.3,157.4,191.1,114.8,148.6,612.0,4.23,0.554
2026-09-15 13:00:00,1069.3,155.1,190.5,110.7,144.5,600.8,4.22,0.562
2026-09-15 14:00:00,1126.0,158.2,181.5,115.4,145.1,600.3,4.44,0.533
2026-09-15 15:00:00,1121.7,159.0,187.6,110.5,150.3,607.3,4.35,0.541
2026-09-15 16:00:00,1048.9,154.9,191.7,110.2,139.2,596.0,4.16,0.568
2026-09-15 17:00:00,1123.6,166.1,194.3,117.0,145.3,622.6,4.09,0.554
2026-09-15 18:00:00,1169.2,152.2,188.1,117.7,142.5,600.6,4.24,0.514
2026-09-15 19:00:00,1101.7,164.7,192.3,108.6,132.3,598.0,4.12,0.543
2026-09-15 20:00:00,1082.5,156.4,195.8,108.6,137.6,598.6,4.11,0.553
2026-09-15 21:00:00,1088.1,161.2,194.7,112.6,157.5,626.1,4.12,0.575
2026-09-15 22:00:00,1113.5,153.3,191.1,119.7,148.1,612.3,4.24,0.55
2026-09-15 23:00:00,770.6,152.6,177.1,96.6,134.4,560.7,4.3,0.728
2026-09-16 00:00:00,836.3,155.1,178.3,107.0,132.7,573.1,4.24,0.685
2026-09-16 01:00:00,816.5,152.5,182.9,99.9,144.1,579.4,4.29,0.71
2026-09-16 02:00:00,894.7,141.2,184.0,104.8,157.5,587.5,4.19,0.657
2026-09-16 03:00:00,824.0,152.1,183.4,104.1,143.5,583.1,4.13,0.708
2026-09-16 04:00:00,888.7,152.4,182.9,105.5,155.5,596.3,4.27,0.671
2026-09-16 05:00:00,792.1,136.0,182.6,102.7,147.8,569.1,4.01,0.718
2026-09-16 06:00:00,852.0,148.2,180.7,106.3,148.8,584.0,4.18,0.685
2026-09-16 07:00:00,1103.5,161.8,192.5,110.4,134.3,599.1,4.26,0.543
2026-09-16 08:00:00,1063.1,161.2,191.1,105.7,152.5,610.5,4.04,0.574
2026-09-16 09:00:00,1101.0,160.6,183.6,115.6,142.3,602.2,4.47,0.547
2026-09-16 10:00:00,1138.7,163.0,179.4,116.5,151.9,610.8,4.62,0.536
2026-09-16 11:00:00,1086.7,167.7,193.9,115.5,138.5,615.6,4.11,0.567
2026-09-16 12:00:00,1040.7,164.2,185.3,104.9,146.4,600.8,4.32,0.577
2026-09-16 13:00:00,1101.4,142.4,177.0,113.7,147.8,580.9,4.61,0.527
2026-09-16 14:00:00,1072.7,156.4,180.4,114.5,143.8,595.1,4.39,0.555
2026-09-16 15:00:00,1094.7,158.3,188.1,108.2,148.2,602.8,4.34,0.551
2026-09-16 16:00:00,1106.4,149.3,182.6,112.7,142.9,587.4,4.35,0.531
2026-09-16 17:00:00,1052.3,157.9,178.9,110.8,139.8,587.5,4.4,0.558
2026-09-16 18:00:00,1058.4,165.1,222.1,118.8,157.8,663.9,3.42,0.627
2026-09-16 19:00:00,1134.9,154.5,211.8,121.1,153.4,640.8,3.8,0.565
2026-09-16 20:00:00,1102.9,161.6,211.3,105.9,138.9,617.8,3.86,0.56
2026-09-16 21:00:00,1034.7,151.1,213.3,120.8,149.5,634.7,3.65,0.613
2026-09-16 22:00:00,1155.3,158.0,217.7,110.2,139.1,624.9,3.56,0.541
2026-09-16 23:00:00,880.9,158.5,207.9,110.9,135.5,612.9,3.58,0.696
2026-09-17 00:00:00,850.0,145.0,208.2,110.1,153.3,616.6,3.67,0.725
2026-09-17 01:00:00,832.5,150.2,203.3,101.8,131.4,586.7,3.88,0.705
2026-09-17 02:00:00,911.6,139.8,206.8,109.8,152.4,608.7,3.75,0.668
2026-09-17 03:00:00,898.4,161.6,201.8,107.0,143.0,613.4,3.78,0.683
2026-09-17 04:00:00,973.4,157.4,205.3,111.6,143.3,617.6,3.86,0.634
2026-09-17 05:00:00,908.6,149.8,202.5,108.6,148.3,609.2,3.79,0.671
2026-09-17 06:00:00,911.3,154.5,202.4,112.6,149.6,619.1,3.78,0.679
2026-09-17 07:00:00,1155.8,153.6,213.0,114.2,138.4,619.1,3.69,0.536
2026-09-17 08:00:00,1194.1,170.8,212.5,114.2,150.7,648.3,3.92,0.543
2026-09-17 09:00:00,1191.2,161.7,209.1,119.2,145.9,635.8,3.68,0.534
2026-09-17 10:00:00,1217.0,163.5,205.0,117.7,135.0,621.2,4.05,0.51
2026-09-17 11:00:00,1158.8,159.2,206.6,116.9,143.6,626.3,3.87,0.541
2026-09-17 12:00:00,1165.5,159.0,205.6,111.5,156.1,632.1,3.9,0.542
2026-09-17 13:00:00,1167.7,166.7,206.1,110.0,158.4,641.2,4.06,0.549
2026-09-17 14:00:00,1215.7,166.2,217.1,113.1,150.7,647.2,3.66,0.532
2026-09-17 15:00:00,1244.0,169.9,203.7,113.6,135.5,622.7,3.99,0.501
2026-09-17 16:00:00,1178.9,163.0,205.5,117.6,148.9,635.0,3.94,0.539
2026-09-17 17:00:00,1183.4,166.3,208.2,118.5,151.8,644.8,3.93,0.545
2026-09-17 18:00:00,1212.5,162.0,169.7,114.7,150.8,597.2,4.74,0.493
2026-09-17 19:00:00,1195.9,177.2,179.6,120.6,151.3,628.7,4.41,0.526
2026-09-17 20:00:00,1240.8,183.4,167.0,121.5,147.9,619.8,4.78,0.5
2026-09-17 21:00:00,1131.4,195.5,166.0,114.3,144.4,620.2,4.89,0.548
2026-09-17 22:00:00,1184.0,198.5,161.7,111.3,140.1,611.6,4.93,0.517
2026-09-17 23:00:00,928.0,173.6,154.3,114.5,129.8,572.3,4.93,0.617
2026-09-18 00:00:00,876.4,189.8,155.0,106.7,147.7,599.2,4.82,0.684
2026-09-18 01:00:00,926.0,184.6,159.1,108.7,146.5,598.9,4.73,0.647
2026-09-18 02:00:00,929.7,184.7,156.1,106.9,149.5,597.1,4.99,0.642
2026-09-18 03:00:00,956.4,180.2,161.2,105.4,134.3,581.1,4.75,0.608
2026-09-18 04:00:00,1003.9,180.9,155.6,104.2,150.2,590.9,4.89,0.589
2026-09-18 05:00:00,957.7,178.8,152.4,111.5,161.4,604.1,5.05,0.631
2026-09-18 06:00:00,931.4,181.3,166.2,105.2,145.6,598.2,4.57,0.642
2026-09-18 07:00:00,1226.4,200.6,164.6,127.9,144.5,637.6,4.85,0.52
2026-09-18 08:00:00,1265.8,195.1,160.0,112.3,147.5,614.8,5.03,0.486
2026-09-18 09:00:00,1195.5,185.3,157.3,109.9,161.3,613.8,5.03,0.513
2026-09-18 10:00:00,1198.1,195.9,155.8,117.0,136.8,605.5,5.09,0.505
2026-09-18 11:00:00,1249.5,198.8,166.7,122.4,146.6,634.5,5.03,0.508
2026-09-18 12:00:00,1222.1,168.9,159.0,115.8,138.6,582.3,5.04,0.477
2026-09-18 13:00:00,1252.2,170.8,162.3,118.6,140.6,592.3,4.78,0.473
2026-09-18 14:00:00,1228.5,163.7,160.3,108.3,144.6,576.9,5.02,0.47
2026-09-18 15:00:00,1252.7,160.8,164.9,113.6,155.8,595.1,4.91,0.475
2026-09-18 16:00:00,1190.9,158.4,154.7,110.5,159.4,583.0,5.09,0.49
2026-09-18 17:00:00,1225.5,155.3,154.7,108.1,148.6,566.7,5.14,0.462
2026-09-18 18:00:00,1217.2,166.2,160.8,115.9,142.0,584.9,4.97,0.481
2026-09-18 19:00:00,1180.4,162.6,161.3,105.5,164.9,594.4,4.93,0.504
2026-09-18 20:00:00,1166.4,159.9,159.5,108.9,141.6,569.8,5.01,0.488
2026-09-18 21:00:00,1243.2,148.2,156.5,113.9,140.4,559.0,5.05,0.45
2026-09-18 22:00:00,1204.7,156.7,162.6,111.8,130.8,561.9,4.85,0.466
2026-09-18 23:00:00,918.9,158.1,145.6,109.6,156.2,569.4,5.2,0.62
